Feijo|Feijo
Craziness|Craziness
nunnery|nunnery
EXPLAIN|EXPLAIN
considered!|considered
Plasticine|Plasticine
woods|woods
spiders|spiders
considered:|considered
ultimatley|ultimatley
woody|woody
trawling|trawling
comically|comically
Saleem's|Saleem
spidery|spidery
canes|canes
chatter|chatter
acurately|A
'Odyssey'|Odyssey
mooded|mood
Journey|Journey
Eure|Eure
rickman|Rickman
rumbustious|rumbustious
Retreat|Retreat
Euro|Euro
wood!|wood
>glowing|glowing
Hoeger|Hoeger
Valli|Valli
spider!|spider
Valle|Valle
Sedaka|Sedaka
transvestism|transvestism
Morten|Morten
Mortel|Mortel
bringing|bringing
seamier|seamier
Y12|Y1
wooded|wooded
Kodachi|A
grueling|grueling
pipers|pipers
wooden|wooden
{neither|neither
"Serpico"|Serpico
"Adrenaline:|Adrenaline
Sergeants|Sergeants
Sack|Sack
virtuosos|virtuosos
Devito's|Devito
Safarova|Safarova
Pinkerton|Pinkerton
27"|A
pizzle|Pizzle
gaskets|gaskets
snuggles|snuggles
Shocked|Shocked
270|A
UNLEARN|unlearn
273|A
274|A
275|A
sh1t|sh1t
"Beavis|Beavis
consenting|consenting
Honorable|Honorable
'Unrated'|Unrated
snuggled|snuggled
>Damn|Damn
dialogs|dialogs
"Gothic"|Gothic
kid;|kid
kid?|kid
kid!|kid
kid"|kid
usenet|usenet
kid'|kid
numeral|numeral
pawed|pawed
kid,|kid
N****z|Nz
consular|consular
"Rainman"|Rainman
Happening|Happening
mailings|mailings
CENSOR|CENSOR
affiliates|affiliates
quagmires|quagmires
HOT+Beautiful|A
kurupt|Kurupt
wagyu|wagyu
affiliated|affiliated
Footnotes|Footnotes
Manger|Manger
WOW!I|WOW!
kids|kids
Netherlander|Netherlander
uplifting|uplifting
dialog?|dialog
Brondo|Brond
PSYCHOPATHS|psychopaths
Feathers|Feathers
dialog:|dialog
controversy|controversy
dialog"|dialog
neurologist|neurologist
tootling|tootling
LAUGHTER|LAUGHTER
dialog)|dialog
kido|Kido
'Frantic'|Frantic
"Beverly|Beverly
contessas|contessa
"Thy|Thy
"paths|paths
fastforwarding|fastforward
Whinneys|Whinney
>Pat|Pat
etherything|A
mini-USB|miniUSB
Urghh|Urgh
population"|population
FJS|FJS
"The|The
Kruczynski|Kruczynski
dna|dna
baffel|A
Less?"|Less
Pupkin|Pupkin
sidebars|sidebars
(between|between
Vernon|Vernon
undead!|undead
>try|try
Golnaz|Golnaz
war!!|war
"Delts"|Delts
Intead|intead
populations|populations
mesmerize|mesmerize
ZIP|ZIP
yahoo|yahoo
meteorologist|meteorologist
Magowan|Magowan
bummy|Bummy
voicework|voicework
blustering|blustering
listenin|listenin
Indigo|Indigo
Judi's|Judis
hot!!!!!|hot
"brawl"|brawl
coprophilia|A
expressively|expressively
impotent;|impotent
pints|pints
Tenant'|Tenant
Tenant"|Tenant
disparagement|disparagement
titanium|titanium
Fog'|Fog
Fog"|Fog
DOGVILLE|Dogville
by's|bys
Oberon|Oberon
Oberoi|Oberoi
Chandleresque|Chandleresque
chapters:|chapters
whoopdedoodles|A
"Silver|Silver
'resist|resist
"crap"|crap
exelent|7
zink?|zink
>Foch|Foch
chapters'|chapters
barbra|Barbra
Correspondent|Correspondent
Bates|Bates
goober|goober
assimilated|assimilated
TERM|TERM
dinosaurs|dinosaurs
wrong|wrong
Fogg|Fogg
Barbwire!!!|Barbwire
sentencing|sentencing
varyingly|varyingly
Tenants|Tenants
Warnercolor;|A
assimilates|assimilates
kiloton|kiloton
Anjali|Anjali
LAGOON|LAGOON
"Notting|Notting
"Vestron|Vestron
disengaging|disengaging
HiP|hip
snugly|snugly
welcomed|welcomed
Truth":|Truth
concurrence|concurrence
stoicism|stoicism
Kopsa|Kopsa
view!!|view
wherein|wherein
activating|activating
welcomes|welcomes
Hip|Hip
Evolve|Evolve
His|His
Hit|Hit
fit|fit
Schroeder|Schroeder
screaming|screaming
fix|fix
fib|fib
fic|fic
fig|fig
Hig|Hig
shinawatra|Shinawatra
fin|fin
Him|Him
>wedding|wedding
Caucasions|Caucasion
MENSA|MENSA
Alok|Alok
REVERSED|REVERSED
Alon|Alon
welcome!|welcome
welcome"|welcome
Altered's|alter
Alos|Alos
>"Maybe|Maybe
shivah|shivah
Alot|Alot
Aloy|Aloy
Nogami|Nogami
salient;|salient
'flame'|flame
fannies|fannies
Mathis's|Mathis
interwhined|A
Australlian|A
Hi8|Hi8
castigating|castigating
Hi:|Hi
probs!|probs
'Spy|Spy
fi'|fi
Combine|Combine
wobblyhand|A
tantalisingly|Tantalisingly
'ed|ed
parasites|parasites
childen|childen
Dorothy'|Dorothy
>Magnifique!|Magnifique
metafiction|metafiction
"Kathy"|Kathy
Kahlen|Kahlen
NCOs|NCOs
Spartans'|Spartans
wasp's|wasps
Basement|Basement
dinginess|dinginess
guitarists|guitarists
Fondling|Fondling
Tastefully|Tastefully
abbott|abbott
abbots|abbots
parasite;|parasite
PAYS|PAYS
underfoot|underfoot
POOJA|pooja
Corinne|Corinne
pumpkins|pumpkins
Atlantean|Atlantean
Bodysnatchers"|Bodysnatchers
Nigel|Nigel
Ibrahimi|Ibrahimi
sickeningly|sickeningly
California's|Californias
Incongruous|Incongruous
doorknob!!|doorknob
SIGNED|SIGNED
WATCHER|WATCHER
momment|momment
portmanteau|portmanteau
ineffectively|ineffectively
WATCHED|WATCHED
Niger|Niger
nasty'|nasty
sound?"|sound
lazers|lazers
*Casting|Casting
Astounding|Astounding
"Canonical|Canonical
Activity|Activity
paragraph!#####|paragraph
stylistics|stylistics
IMPRESSES|IMPRESSES
"Against|Against
LANG|LANG
BULLSH|bullsh
olds|olds
LAND|LAND
renovated|renovated
>interestingly|interestingly
needed|needed
Heathers|Heathers
master|master
"Charlotte|Charlotte
fuzziness|fuzziness
WOW!!|WOW
quirky;|quirky
Hammerstein|Hammerstein
wilpower|A
Richandson|A
summercamp|Summercamp
fatherlands|fatherland
positively|positively
Widdoes|Widdoes
Silvestri's|Silvestris
old;|old
old:|old
272|A
old?|old
old!|old
boogeyboarded|A
Moonlighting|Moonlighting
CRYING|CRYING
old)|old
zaniacs|A
SPEED|SPEED
old,|old
Heather?|Heather
Tucker'|Tucker
devious;|devious
"Stella"|Stella
Chicago|Chicago
*shudders*|shudders
Recruiting|Recruiting
craven|craven
278|A
Parhat|Parhat
"reunuin"|A
bogan|bogan
Tucker?|Tucker
protags|protags
skullcap|skullcap
Theo|Theo
Then|Then
Them|Them
credentialed|credentialed
mostly|mostly
Thei|Thei
Thee|Thee
Thed|Thed
Myron|Myron
They|They
Lakshmi|Lakshmi
coulisses|A
"Dumbo"|Dumbo
Gandhiji's|Gandhiji
Ther|Ther
shipments|shipments
pixilated|pixilated
Thumps|Thumps
Faust's|Fausts
OUCH!!|OUCH
'00s|A
duke's|dukes
Pooja|Pooja
reverence|reverence
functionary|functionary
fluster|fluster
Bahiyyaji's|A
pseudonymously|pseudonymously
spinning"|spinning
+!!!|A
Civilized|Civilized
tech|tech
fugitives|fugitives
Luciano"|Luciano
'e'|e
trompe|trompe
Host"|Host
dicker|dicker
'sependipity|A
"Candleshoe"|A
tempted|tempted
Basinger|Basinger
damaged;|damaged
hounded|hounded
Milfy|Milf
apace|apace
Dance"|Dance
Barefoot|Barefoot
Jenuet|A
Dance'|Dance
>Goldie|Goldie
'humor'|humor
'supporting|supporting
warmongering|warmongering
lube|lube
>Vive|Vive
lubb|lub
Vovchenko|A
>Viva|Viva
Winkleman|Winkleman
Tearing|Tearing
Bergin|Bergin
"Bachelor's|Bachelors
nerds:|nerds
EMPATH|empath
"WWWWHHHYYYYYYY!"|A
Ecology|Ecology
Danced|Danced
Fascinating|Fascinating
actress!The|A
unoffending|unoffending
Andover|Andover
patch|patch
lunched|lunched
Dances|Dances
Dancer|Dancer
'movie|movie
uncomfirmed|A
heirloom|heirloom
Saraiva|Saraiva
Zardoz|Zardoz
Anderson|Anderson
:saving|saving
EDiting|editing
Goeffrey|A
>"This|This
advisedly|advisedly
Thunderstruck|Thunderstruck
Heinkel|Heinkel
Trinitron|Trinitron
irk|irk
conductive|conductive
Ominous|Ominous
ire|ire
Doctorates|Doctorates
seriously:|seriously
do!?|do
seriously?|seriously
extend|extend
nature|nature
fruits|fruits
lapping|lapping
vestment|vestment
Fanatics"|Fanatics
extent|extent
tendons|tendons
seriously"|seriously
seriously!|seriously!
do!!|do
do!"|do
>Wayno|Wayno
Roo?"|Roo
remarkable!!!|remarkable
directly;|directly
directly?|directly
Lepper|Lepper
>Jurgen|Jurgen
FACTOR|FACTOR
Sanju|Sanju
Pebble|Pebble
Arby's|Arbys
Bow's|Bows
zigged|zigged
Yoshimi|Yoshimi
foreclosing|foreclosing
doubt!|doubt
bunnies"|bunnies
decends|decend
Balki|Balki
gopher|gopher
dashes:|dashes
escalade|escalade
humming|humming
doubt?|doubt
'nother|nother
doubt:|doubt
doubt;|doubt
apples?|apples
Silva's|Silvas
underdone|underdone
Montagna|Montagna
triviality|triviality
Clytemnestra|Clytemnestra
barcleona|Barcleona
"jumped|jumped
Cucumber|Cucumber
Beckham's|Beckhams
spectecular|A
"one|one
`short|short
obese|obese
sensationalized|sensationalized
arkin|Arkin
>especially|especially
boardroom|boardroom
DeVito|DeVito
Verboten!|Verboten
doubts|doubts
>Christian|Christian
misconstrues|misconstrues
Zefferelli|A
mesmerising|Mesmerising
screenwriters!|screenwriters
misconstrued|misconstrued
Cognac!!!!!I|A
screenwriters:|screenwriters
"on"|on
Crusaders|Crusaders
Combined|Combined
canoeing|canoeing
dialog;|dialog
plants?|plants
plants!|plants
'novelty'|novelty
GRINCHMAS!|A
bricklayer|bricklayer
superplex!|superplex
memorial|memorial
memoriam|memoriam
inventively|inventively
portobello|portobello
remand|remand
Clarinett|Clarinet
spews|spews
Importantly|Importantly
saying"May|A
frustration;|frustration
Paul!!!!!|Paul
mentor!|mentor
Humphery|Humphery
Advocating|Advocating
Alma'|Alma
Maybe|Maybe
"Bottle|Bottle
NATION|NATION
Haschiguchi|A
>Jur|Jur
Harley|Harley
!!!!!!!!|A
Hostal|Hostal
furlough|furlough
mentory|mentor
Newcomb's|Newcomb
mainsequence|A
mentors|mentors
stillness|stillness
Elfen|Elfen
lonelier|lonelier
nibby|Nibby
cineastes|cineastes
corporate|corporate
"Lumage"|A
bellow|bellow
sundrenched|sundrenched
refreshing!!!!|refreshing
absurdities|absurdities
"Power|Power
'Gilda'|Gilda
>"War|War
waterboard|waterboard
visability|visability
"DIL|DIL
Turan's|Turan
iubit|A
duffer|duffer
"magic|magic
advancement|advancement
duffel|duffel
Wilson's|Wilsons
Boxer's|Boxers
Copolla's|Copolla
Jury"|Jury
Setup|Setup
unequivocally|unequivocally
palazzo|palazzo
Shamsul|Shamsul
bello'|bello
indicative|indicative
yawnfest|yawnfest
Quickie|Quickie
jobs!|jobs
Ondine|Ondine
"Vampires:Los|A
>Leonard|Leonard
sleuthing|sleuthing
Brenda|Brenda
'ball|ball
stereotypical?|stereotypical
upside?|upside
Framed|Framed
Liebermann|Liebermann
Brendt|Brendt
iMDB|imdb
airball|airball
Pentagon|Pentagon
"Ugly|Ugly
misdemeanors|misdemeanors
Swedish|Swedish
"nemesis"|nemesis
unsinkable|unsinkable
crowd|crowd
crowe|Crowe
"Fail|Fail
crown|crown
Call;|Call
crows|crows
Call'|Call
flowless|A
Call"|Call
slowed!|slowed
perchance|perchance
Dimmsdale|A
>Metamorphosis|Metamorphosis
completly|completly
Hardness|Hardness
Celebration|Celebration
Kentucy|Kentucy
Sangre|Sangre
doesn't?|doesn't
Calls|Calls
Accompanying|Accompanying
O'Conner|O'Conner
Later'|Later
moralises|moralise
Stewie|Stewie
Later"|Later
Mislead|Mislead
"Chinatown|Chinatown
'goal'|goal
doesn't"|doesn't
Oxbow|Oxbow
doesn't!|doesn't
doesn't'|doesn't
cover's|covers
Symmetry"|Symmetry
restlessness|restlessness
spaceships|spaceships
euthenized|euthenized
Jaquien|Jaquie
Scene's|Scenes
anomalous|anomalous
jobs;|jobs
"suspenseful"|suspenseful
*Euphues*|A
unstopable|unstopable
marshall|marshall
honeymoon|honeymoon
Sitka|Sitka
Farkus|Farkus
marshals|marshals
Unremarkable|Unremarkable
Ends|Ends
despised|despised
>Filming|Filming
fabric|fabric
spraining|spraining
Ventura's|Venturas
'Sandy'|Sandy
raped|raped
Pubs|Pubs
screens?|screens
grasping|grasping
despises|despises
"Darn|Darn
rapes|rapes
>Jill|Jill
Vigoda|Vigoda
visitors"|visitors
entertained!|entertained
marshal"|marshal
marshal!|marshal
Robespierres|Robespierre
thesaurus|thesaurus
"jackanape"|A
hebetude|A
Roast|Roast
entertained;|entertained
CHIPMUNKS|chipmunks
'Cousin|Cousin
entertained?|entertained
>Brenda|Brenda
congratulations|congratulations
humbled|humbled
Amenhotep|Amenhotep
Household|Household
End:|End
rape'|rape
rewords|rewords
Ruppe|Ruppe
open-air|openair
nicest|nicest
despise?|despise
Gusto"|Gusto
>Evans|Evans
passenger|passenger
night!!|night
Cratey|Crate
moderne|moderne
YOUNG|YOUNG
Crater|Crater
petrification|petrification
moderns|moderns
studliest|A
bedsheet|bedsheet
Troopers"|Troopers
Id'|Id
*All|All
Id"|Id
'character'|character
Disturbing?|Disturbing
crowns|crowns
underfed|underfed
obliges|obliges
like;Behind|A
'French'|French
wordlessly|wordlessly
thoroughgoing|thoroughgoing
palms|palms
modern'|modern
Roundtree|Roundtree
'zombie|zombie
gijs|Gijs
palme|Palme
conservatively|conservatively
Idk|Idk
Almereydas|Almereyda
O'Hara's|O'Hara
Ida|Ida
exuberantly|exuberantly
ENSUES!!!!|ensues
"wacky"|wacky
"Spiderman|Spiderman
Urn|Urn
Geology|Geology
>'Titanic'|Titanic
chain|chain
whoever|whoever
gloom"|gloom
"Eyes|Eyes
Aborigine|Aborigine
blunders:|blunders
"Fugue|Fugue
Artisan|Artisan
"boy"|boy
chair|chair
ballet|ballet
amplification|amplification
grapples|grapples
lara|lara
mache|mache
balled|balled
grappled|grappled
foreseable|fores
Tolls"|Tolls
macho|macho
Ahmedabad|Ahmedabad
verbally|verbally
Barret|Barret
Barres|Barres
jerk|jerk
along!"|along
Barred|Barred
gloomy|gloomy
Bedouins|Bedouins
Barren|Barren
>adaption|adaption
Barrel|Barrel
exact|exact
minute|minute
Bhatra|Bhatra
Hellman|Hellman
Beholding|Beholding
Sahan|Sahan
Holder|Holder
Katrina|Katrina
continuate|continu
Mitty|Mitty
Mitts|Mitts
jumbling|jumbling
Sahay|Sahay
>Lloyd|Lloyd
"slapstick"|slapstick
Silvio|Silvio
AWAY!!!|AWAY
Silvia|Silvia
ogles|ogles
M4|M4
M6|M6
>Cruella|Cruella
"Pere|Pere
bastardisation|bastardisation
ogled|ogled
adorns|adorns
Liars"|Liars
L'aveu|A
bagging|bagging
DeRita|DeRita
through!"|through
antwerp|Antwerp
Larabee|Larabee
"cattle|cattle
Premise|Premise
VENOMOUS|venomous
ground|ground
unintentionally|unintentionally
PENGUIN|PENGUIN
Me|Me
drafted|drafted
Ma|Ma
Dorkins|Dorkins
oldies|oldies
idiosyncratically|idiosyncratically
blunted|blunted
Europe?|Europe
Mi|Mi
'Guru'|Guru
"bad"|bad
Europe:|Europe
Mu|Mu
Mt|Mt
Europe'|Europe
Europe!|Europe
Ms|Ms
Mr|Mr
everythings|everythings
Jacknife|Jacknife
My|My
Trekker|Trekker
ME|ME
MD|MD
MG|MG
Lottery"|Lottery
MA|MA
Johansing|Johansing
MB|MB
MM|MM
ML|ML
MO|MO
MN|MN
MI|MI
MH|MH
MK|MK
MJ|MJ
cusack|Cusack
MT|MT
thebeginning|thebeginning
effette|A
MP|MP
MS|MS
MR|MR
Flack|Flack
MY|MY
Beware:some|A
MELONS|melons
Implication:|Implication
POWs|POWs
"nameless"|nameless
inquisitively|inquisitively
fakery|fakery
Protosevich|Protosevich
August|August
handbags|handbags
perished|perished
POWS|POWS
cockier|cockier
Amber's|Ambers
ARNOLD|ARNOLD
vigour|Vigour
Whalley|Whalley
Piano"|Piano
photojournals|A
Those|Those
perishes|perishes
cats!|cats
cats"|cats
SANSHO|Sansho
Implications|Implications
Bathed|Bathed
approving|approving
wonderfully!|wonderfully
Defeatism|Defeatism
edgeways|edgeways
rebounding|rebounding
lady!!!|lady
wingers|wingers
it'Good|A
Hershey|Hershey
Kochak's|Kochak
Laotian|Laotian
PADRINO|padrino
following|following
Idioterne|A
heard:|heard
CURTAINS|CURTAINS
heard?|heard
"Vamp"|Vamp
Symphony|Symphony
Feriss's|A
*mercifully|mercifully
Bijan|Bijan
heard"|heard
heard!|heard
Michele's|michel
Seeing|Seeing
foxed"|foxed
pinto|pinto
Truglio|Truglio
Akroyd|Akroyd
Nini's|Ninis
Verhoevens|Verhoeven
thanking|thanking
encoded!|encoded
Humanoids|Humanoids
Significant|Significant
Lazaro's|Lazaros
'Window|Window
fueled|fueled
telecine|telecine
stapes|stapes
harmon|harmon
surfing|surfing
'offed'|offed
nebbish|nebbish
Virgina|Virgina
skirmish|skirmish
ocassionally|ocassionally
impactful|impactful
LIE|LIE
'victory'|victory
ATTEMPT|ATTEMPT
Bowie|Bowie
webpage|webpage
exurbia|exurbia
LIT|LIT
'Passionate|Passionate
stampeding|stampeding
Wetten|Wetten
jig|jig
jie|jie
'Member|Member
lessor|lessor
jia|jia
jin|jin
Docks|Docks
jim|jim
Jermaine's|Jermaine
greyishness|greyish
jip|jip
McMansions|McMansions
Nussbaum|Nussbaum
Hiding|Hiding
apron|apron
shacked|shacked
Iraqis|Iraqis
Moynahan|Moynahan
bashful|bashful
sorter|sorter
overpowering|overpowering
Aboard|Aboard
aprox|aprox
henpecked|henpecked
sorted|sorted
Malcomson|Malcomson
\|3
>Pauline|Pauline
negativistic|A
Bernadette|Bernadette
dispite|dispite
"Brutal|Brutal
Dock"|Dock
instability|instability
personalizing|personalizing
quarter|quarter
quartet|quartet
crocks|crocks
Berghuis|Berghuis
'twists'|twists
"Ratso|Ratso
irremediably|irremediably
presages|presages
Jeayes|A
Falsely|Falsely
Leaud|Leaud
PROTOCOL|PROTOCOL
ACtually|actually
salads|salads
presaged|presaged
Deborah|Deborah
BOMB!!!|BOMB
bouyant|bouyant
amerterish|A
Stark's|Starks
giornata|giornata
Michigan|Michigan
poetries|poetries
Mastrosimone|Mastrosimone
staggering;|staggering
Dolph's|Dolph
Synopsis:|Synopsis
"Toys"?|Toys
'twins'|twins
realisation|Realisation
Bouvier|Bouvier
"Rats"|Rats
"Rats:|Rats
salad;|salad
Portastatic|Portastatic
Monson's|Monsons
Obnoxious|Obnoxious
workmanship|workmanship
couldn't?|couldnt
HEAT|HEAT
couldn't'|couldnt
quibble|quibble
socking|socking
DINOCROC|Dinocroc
3lbs|3lbs
Fleischers|Fleischers
'Lolita'|Lolita
Bomb!|Bomb
tableaus|tableaus
?Aunts?|Aunts
Bomb"|Bomb
spoken|spoken
anymore"|anymore
anymore!|anymore
Fateh|Fateh
'road|road
>Merrill|Merrill
tableaux|tableaux
anymore;|anymore
anymore:|anymore
anymore?|anymore
spokes|spokes
Bomb:|Bomb
`Susie'|Susie
RECOMMENDED!|RECOMMENDED
Aboriginal|Aboriginal
AGENT|AGENT
"Poor|Poor
someome|A
Fate"|Fate
Bodden|Bodden
ocurred|ocurred
Bomba|Bomba
spoke!|spoke
"breathtaking|breathtaking
surges|surges
snatch|snatch
>security|security
Believability|Believability
Bombs|Bombs
NERA|NERA
absorbs|absorbs
surged|surged
NERD|NERD
Equinox|Equinox
Cundey's|Cundey
"guilty"|guilty
Broken's|brokens
rehab|rehab
Perpetuating|Perpetuating
Twister"|Twister
disasterous|disasterous
Waring|Waring
Teller's|Tellers
sumptuous|sumptuous
torsoed|torsoed
"Amitabh|Amitabh
turned|turned
Zatoichi:|Zatoichi
uninterrupted|uninterrupted
turner|turner
borough|borough
pimply|pimply
fashionable|fashionable
ae's|aes
touch:|touch
position?"|position
touch!|touch
touch"|touch
observationally|observationally
fashionably|fashionably
gibney|Gibney
pimple|pimple
Suzanne's|Suzanne
opposite|opposite
squalor|squalor
car?"|car
'good|good
dingoes|dingoes
Gulping|Gulping
TEETH|TEETH
vu"|vu
"Brideshead|Brideshead
>Utlimately|utlimately
>Sure|Sure
HIMSELF|HIMSELF
Heartfelt|Heartfelt
Whack!!!|Whack
CARTOON|CARTOON
jitters|jitters
messier|messier
Thesinger|A
StarGate|StarGate
jittery|jittery
frame?|frame
Sibley|Sibley
Plese|Plese
Romney:|Romney
SUCKS!!!|SUCKS
syle|syle
"wind|wind
imagines|imagines
narcisstic|narcisstic
friction|friction
Ethiopia|Ethiopia
inconsistent|inconsistent
RENT!|RENT
Wax"|Wax
come"|come
imagined|imagined
Pervasive|Pervasive
objectively!|objectively
ensembles|ensembles
reconciling|reconciling
backyarders|backyarders
unpractical|unpractical
transact|transact
INVADERS|INVADERS
aimlessly|aimlessly
"Elizabeth|Elizabeth
Nazareth'|Nazareth
Kenyatta|Kenyatta
Nazareth"|Nazareth
"whooshes"|whooshes
"racist"|racist
pi*sed|A
CLARK'S|CLARKS
imagine;|imagine
come;|come
Cariie|A
Enjoy!|Enjoy
proxy?|proxy
"animate"|animate
imagine!|imagine
YEs|yes
gerbils|gerbils
unreformed|unreformed
keenly|keenly
YEA|YEA
find?|find
YEE|YEE
pixelation|pixelation
relegate|relegate
Rocked!|Rocked
recoiling|recoiling
YEP|YEP
YES|YES
hotness|hotness
YET|YET
ouch!|ouch!
Roemheld|A
enthralled|enthralled
Eames|Eames
audaciously|audaciously
Madeline|Madeline
effect?|effect
recapped|recapped
bodiless|bodiless
Worldwide|Worldwide
retells|retells
Telemachus|Telemachus
Hydes|Hydes
aargh|aargh
avails|avails
"Sailor"|Sailor
Garofalo's|Garofalo
dismemberment|dismemberment
vaccines|vaccines
ingenuos|A
Maacha|Maach
naked!|naked
voucher!|voucher
underutilization|underutilization
Verdon's|Verdon
fir|fir
Ulmann|Ulmann
ELLIOT|ELLIOT
>Moronic|Moronic
Harbor|Harbor
>Gratuitous|Gratuitous
Roxby|Roxby
Harbou|Harbo
Bigelow|Bigelow
Teeth|Teeth
"Incredible|Incredible
Cosmos|Cosmos
uncharacteristically|uncharacteristically
west!|west
west'|west
Surveillance"|Surveillance
Censor|Censor
Bogdanovich|Bogdanovich
millionaire|millionaire
catcalls|catcalls
lifeline|lifeline
Muxmauschenstill|A
workplace|workplace
Hyde"|Hyde
cycs!|cyc
west?|west
allowance|allowance
Stewert|Stewert
Skied|Skied
Fairbanks|Fairbanks
MORE!|MORE
reading!|reading
Skies|Skies
Micheal's|Micheals
collider|collider
collides|collides
suppressant|suppressant
Veto|Veto
atall|atall
"critically|critically
incubation|incubation
Vets|Vets
Waddington|Waddington
BURNS|BURNS
Krystalnacht|A
"mini"|mini
carnivore|carnivore
Berman's|Bermans
paedophilic|paedophilic
'Vela'|Vela
paedophilia|Paedophilia
readings|readings
wisened|wisened
"guaranteed|guaranteed
Standa|Standa
"storywise"|storywise
"Gladiator"|Gladiator
'punishment'|punishment
Hil|Hil
gwb|gw
GARDNER|GARDNER
SHAOLIN|SHAOLIN
>awful|awful
MOREA|Morea
**POSSIBLE|POSSIBLE
unsentimentally|unsentimentally
Size|Size
Prem|Prem
unlikeable|unlikeable
Pred|Pred
Largest|Largest
smelly!|smelly
Prey|Prey
DELON|Delon
Prez|Prez
Pret|Pret
twin's|twins
Admiral|Admiral
Pres|Pres
Towne's|Townes
Bloor|Bloor
lovableness|A
nuptials|nuptials
paterfamilias|paterfamilias
Phantom's|Phantoms
roosters|roosters
Kiki|Kiki
Blood|Blood
Kike|Kike
Advice:|Advice
Bloom|Bloom
fims|fims
assigns|assigns
short-listed|shortlisted
Clear|Clear
IRS|IRS
Cleat|Cleat
drama"?|drama
IRK|IRK
Stalin`s|Stalins
Clean|Clean
THUMP|THUMP
IRA|IRA
Pokeballs|A
unGodly|ungodly
wholeness|wholeness
n'ai|nai
Whiting|Whiting
MISSING|MISSING
inelegant|inelegant
befittingly|befittingly
peculiarities|peculiarities
"Bangkok|Bangkok
Sigmund|Sigmund
"philosophical|philosophical
persistently|persistently
romp!|romp
married??|married
being|being
Urfe's|A
Diesel|Diesel
inkblots|inkblots
Merlot|Merlot
Grogan's|Grogans
romp;|romp
"ASTONISHING"|ASTONISHING
married?"|married
believe's|believes
grounded|grounded
adroit|adroit
Greenbaum|Greenbaum
sceptic|Sceptic
priori|priori
Crank|Crank
Crane|Crane
Kash|Kash
Austin's|Austins
absense|absense
Riverbend|Riverbend
SAFE|SAFE
romps|romps
ugly"|ugly
japanophile|Japanophile
traffic|traffic
"Disney"|Disney
sensational|sensational
snowmobiles|snowmobiles
AALCC|AALC
Chiwetel|Chiwetel
fi:|fi
Valiant|Valiant
DeBeers|DeBeers
>Tiffany|Tiffany
Suggs|Suggs
DECISION|DECISION
seating|seating
ESTABLISHMENT!|ESTABLISHMENT
Notes!|Notes
FLASH|FLASH
Sensational!|Sensational
Expressed|Expressed
"Sioux"|Sioux
Holten|Holten
Notes:|Notes
pervading|pervading
_have_|A
real??|real
'Lampoon'|Lampoon
BULLOCK|BULLOCK
CON|CON
Effort|Effort
'Death'|Death
Rhymer"|Rhymer
videofilming|A
disinformation|disinformation
partner's|partners
disparaging|disparaging
windfalls|windfalls
Gaul|Gaul
Corelli's|Corellis
exasperating|exasperating
dyslexic|dyslexic
>Esther|Esther
Holywell|Holywell
Farscape|Farscape
frights|frights
"woman|woman
Calafornia|A
nastily|nastily
sensitively|sensitively
perturbed|perturbed
Trapping|Trapping
anarchically|anarchically
wit?|wit
2CVs|2CVs
wit:|wit
groaningly|groaningly
Celie|Celie
>Baron|Baron
Celia|Celia
pivot|pivot
rosso|rosso
BMTG|BMT
MOJO|MOJO
"mayor"|mayor
austro|Austro
>Matiss|Matiss
trip'|trip
glean|glean
trip"|trip
"Teorema"|Teorema
trip!|trip
Peninsula|Peninsula
"fantasy"|fantasy
trip:|trip
trip;|trip
brazilian|brazilian
abuse?|abuse
JESSE|JESSE
witt|witt
Blinky|Blinky
yearned|yearned
wits|wits
Brommel|Brommel
Gollum|Gollum
bohemians|bohemians
societal|societal
Nowicki|Nowicki
shonky|shonky
Ewanuick|Ewanuick
"Cetniks"|A
"sous|sous
witb|wit
Krasinski|Krasinski
witn|witn
with|with
engagements!|engagements
sarin|sarin
abused|abused
monopoly|monopoly
tripe|tripe
Beret|Beret
"Congo|Congo
Craps!!!|Craps
Sandhya|Sandhya
unignorable|unignorable
abuser|abuser
abuses|abuses
Rutina|Rutina
trips|trips
Velociraptor|Velociraptor
Bryon|Bryon
creat|creat
mundi|mundi
road!!|road
Dorothy"|Dorothy
POLITICAL|POLITICAL
mundo|mundo
Augie|Augie
follow-up|followup
creak|creak
dampens|dampens
lamebrains|lamebrain
cream|cream
Orazio|Orazio
"Decontamination"|Decontamination
trick:|trick
yoga|yoga
trick?|trick
Mitchell's|Mitchells
Wlaschiha|A
sympathetically|sympathetically
unwelcomed|unwelcomed
unparalleled|unparalleled
Nabooboo|A
trick!|trick
trick"|trick
"permanent|permanent
UltraViolet|UltraViolet
waving|waving
STDs?|STDs
hairsplitting|hairsplitting
brotherhood|brotherhood
>Fist|Fist
tricky|tricky
natalie|natalie
stepping;|stepping
tricks|tricks
madrigal|madrigal
finally;|finally
finally:|finally
Castle"|Castle
hipocresy|A
Lyric|Lyric
finally"|finally
finally!|finally!
Moorhead|Moorhead
Pudor|A
legislatures|legislatures
curate|curate
ceramic|ceramic
>Yuck!|Yuck
TSgt|TSgt
Bakshi|Bakshi
Farley|Farley
Monopoly?|Monopoly
"MERE|MERE
>Scorcese|Scorcese
Sideways|Sideways
Grappelli|Grappelli
half's|halfs
riots|riots
Thankyou|Thankyou
Guy's|guy's
nore|nore
Tanuja|Tanuja
self;|self
conciousness|conciousness
jealous!"|jealous
norm|norm
self:|self
Comden|Comden
pple|pple
Conversation|Conversation
ppls|ppls
Comdex|Comdex
Carolingians|Carolingian
"Mongolia"|Mongolia
Coldblooded|coldblooded
Spree|Spree
Trace's|Traces
debarment|debarment
riot!|riot
sans|sans
"suspended"|suspended
sang|sang
sand|sand
sane|sane
unwraps|unwraps
senselessly|senselessly
riot?|riot
sank|sank
Ranikhet|Ranikhet
Koppikar|Koppikar
portray?|portray
>Peruvian|Peruvian
bouncy?|bouncy
shockers|shockers
19:|A
195|A
194|A
197|A
Park!|Park
has!|has
192|A
Persoanlly|A
Libre"|Libre
has?|has
has:|has
has;|has
traditional'|traditional
19!|A
Kyon|Kyon
accreditation|accreditation
BEES!!|BEES
leit|leit
prevailed|prevailed
'Smooth|Smooth
Ogilvy|Ogilvy
conundrums|conundrums
"howl|howl
Kyle's|Kyles
hasn|hasn
hash|hash
Garris|Garris
harsh!|harsh
$1500|A
republished|republished
>Schepisi|Schepisi
portrays|portrays
honhyol|A
portrayl|portray
Lestrade|Lestrade
Departmentn|Department
unrewarding|unrewarding
harsh?|harsh
PEBBLE|PEBBLE
harsh:|harsh
Spencer|Spencer
Visby|Visby
markets:|markets
"Freaks"|Freaks
provably|provably
"Heights"|Heights
Pall's|Palls
WW3!|WW3
Rodman|Rodman
periodic|periodic
19K|A
Verona's|Verona
1890's|A
provable|provable
dehumanized|dehumanized
'Robert|Robert
hereit's|A
Scorpio|Scorpio
Ruge's|Ruge
uprise|uprise
traumatized|traumatized
Disneyish|A
"comedically|comedically
Netanyahu|Netanyahu
Willow:|Willow
"i've|ive
cynics|cynics
Camelias|Camelias
God:|God
God;|God
God?|God
gameplay|gameplay
>excerpts|excerpts
mort|mort
automata|automata
mori|mori
morn|morn
rankled!|rankled
automate|automate
God"|God
yutz|yutz
God!|God
Provence|Provence
God'|God
FRIEND|FRIEND
more|more
nuages|Nuages
Mendolita|A
initiated|initiated
company|company
Her's|Hers
initiates|initiates
lameness|lameness
cynic;|cynic
POPEYE'S|A
Cybill|Cybill
out)He|outh
Riddlers|riddler
Gods|Gods
installing|installing
"safety"|safety
Sucker"|Sucker
chief's|chiefs
Godo|Godo
learn|learn
f***ing|fing
greaseball|greaseball
Deighton's|Deighton
bogs|bogs
sois|sois
meaner|meaner
ingredient's|ingredients
Crystina|Crystina
>Caan|Caan
'Mike|Mike
prostration|prostration
Glasgow|Glasgow
eeevil|eeevil
brushoff|brushoff
book!!!|book
ZERO!|ZERO
"Bake"|Bake
d'Ete|dete
hugo|hugo
hugh|hugh
dismissed|dismissed
Pip's|Pips
scifi|scifi
hugs|hugs
ZERO?|ZERO
dismisses|dismisses
Gower|Gower
Glenda's|Glenda
curious!!|curious
Fu's|Fus
Sanders's|Sanders
thickened|thickened
"Radar"|Radar
atrocious!|atrocious
bog?|bog
Superstar's|Superstars
hackwork|hackwork
atrocious;|atrocious
atrocious:|atrocious
nasty!|nasty
thickener|thickener
NEVER!!!!|NEVER
sincerity?|sincerity
>Poor|Poor
sincerity:|sincerity
worringly|worringly
'Conceiving|Conceiving
yester|yester
Poire|Poire
Bronson's|Bronsons
Spradling's|Spradling
DENIS|DENIS
trap?|trap
Cry'|Cry
Ripping|Ripping
hug;|hug
>Duh|Duh
Tormei?|A
Skittles|Skittles
peppy|peppy
>Due|Due
>Dud|Dud
idol;|idol
>Freeman|Freeman
schoolhouse|schoolhouse
cheerfulness|cheerfulness
'HH'|HH
saucy|saucy
>Disney|Disney
steckle|Steckle
course!|course
tantalizingly|tantalizingly
ethnocentric|ethnocentric
boomerangs|boomerangs
course)|course
Fisheries|Fisheries
ARTHUR|ARTHUR
bummer|bummer
Smails|Smails
course:|course
course;|course
Shachnovelle|A
Brussels|Brussels
sauce|sauce
course?|course
"unconditional|unconditional
colleague|colleague
clefts|clefts
Charo|Charo
gadget|gadget
hussar|hussar
bodyswerve|A
shitless|shitless
idols|idols
Birthday!|Birthday
Birthday"|Birthday
Markovic|Markovic
Gelwix|Gelwix
Curley|Curley
BECAUSE|BECAUSE
coursed|coursed
everytime|everytime
Oswalt|Oswalt
SANDOKAN|Sandokan
Cabell|Cabell
"Latidos|A
courses|courses
Bellucci|Bellucci
"adapt"|adapt
Oswald|Oswald
shocking|shocking
"ENTER!!!"|ENTER
course}|course
megabytes|megabytes
cicadas|cicadas
had???|had
>Peoples'|Peoples
"video|video
'blasphemy'|blasphemy
JIMI|JIMI
Hamlisch's|Hamlisch
Whlie|whlie
JIMA|jima
EROS|EROS
Lowest|Lowest
lipstick|lipstick
scoops|scoops
"granny"|granny
research|research
Invention|Invention
Lurie|Lurie
TITS|TITS
Report|Report
offline|offline
Canutt|Canutt
Beane|Beane
"Wilco|Wilco
Beano|Beano
masted|masted
Cullinan!|Cullinan
Gretel|Gretel
Beans|Beans
trawled|trawled
ecologically|ecologically
Polaha|Polaha
scoop:|scoop
Buell|Buell
pointlater|A
"Fanny"|Fanny
carry-on|carryon
databanks|databanks
Biologist|Biologist
LAMBS|LAMBS
porpoise|porpoise
ferociously|ferociously
Christianty|A
terrifyingly|terrifyingly
flooded?|flooded
Belgrad|Belgrad
EASILY|EASILY
peaceable|peaceable
alterego|alterego
Shagged|Shagged
townful|town
swipe|swipe
>SPOILERS!|SPOILERS
Whitewolf|Whitewolf
mentally|mentally
calculations|calculations
Bugundians|A
PSH's|PSH
peaceably|peaceably
everything!"?|everything
"tachigui"|A
ferry;|ferry
McDowell|McDowell
ferry'|ferry
cker's|ckers
3rds|3rds
Pirovitch's|A
Cancer|Cancer
Erceg|Erceg
Cimmerian!|Cimmerian
Kafan|Kafa
genesis|genesis
underpinning|underpinning
Aumont's|Aumont
dismantling|dismantling
Cancel|Cancel
conspirator's|conspirators
organisations|Organisations
Oldsmobile|Oldsmobile
guarding|guarding
mutilates|mutilates
blond|blond
Sabretooth|Sabretooth
GHANDI|Ghandi
odors|odors
overfilling|overfilling
antagonizes|antagonizes
Founding|Founding
fermented|fermented
employable|employable
Norway|Norway
understand;|understand
understand:|understand
understand?|understand
understand!|understand
Coaches|Coaches
swordsmen|swordsmen
Othello|Othello
antagonized|antagonized
hour's|hours
Stalingrad|Stalingrad
"Streamline|Streamline
Albeit|Albeit
SLUMBER|SLUMBER
concern's|concerns
"spooky|spooky
foxy!!|foxy
Protector|Protector
>Bigelow|Bigelow
understands|understands
incase|incase
devgan|Devgan
Zelniker|Zelniker
elogious|A
Lavagnino|Lavagnino
recollection's|recollections
acting???|acting
cultivating|cultivating
Strangeland|Strangeland
stedi|sted
wording|wording
ambiguities|ambiguities
disastor|A
Filth|Filth
exterminate|exterminate
agonize|agonize
Deadly|Deadly
Motown|Motown
affix|affix
Amgen|Amgen
"Method|Method
naomi|naomi
overwhelmed|overwhelmed
blender|blender
Dirs|Dirs
T's|Ts
Deaprtment|Deaprtment
Dirt|Dirt
Premiere|Premiere
Diry|diri
payday|payday
GRADUATES|GRADUATES
Watts'|Watts
Dire|Dire
Sequoia|Sequoia
'Sherlock|Sherlock
hookups|hookups
secular|secular
Cooked|Cooked
`Knuckles'|Knuckles
twill|twill
damnit|damnit
Zutaut|Zutaut
distraction|distraction
(partially|partially
sects|sects
Dir:|Dir
interfere's|interferes
BRIGADOON|Brigadoon
tanked|tanked
Fengyi|Fengyi
Improper|Improper
Footlights|Footlights
Elements:|Elements
PART|PART
tanker|tanker
rumored|rumored
Fixit"|Fixit
Templar's|Templars
Music's|Musics
activists|activists
EJ's|ej
administrator|administrator
collectively|collectively
Destination''Jet|A
Founders|Founders
allif|alli
allie|allie
whaddayagonndo?|A
afterward's|afterwards
Inmy|inmy
"spaghetti|spaghetti
old"|old
Greenlight|Greenlight
Safar|Safar
Sai's|Sais
Evos|Evos
hauteur|hauteur
activist:|activist
oxidize|oxidize
Pallbearer|Pallbearer
Cammeron|Cammeron
Uvegtigris|A
condones|condones
Persepolis|Persepolis
>husband|husband
Fulton|Fulton
>Garbo's|Garbos
>You've|Youve
Neil|Neil
COURIER|COURIER
Mahabharata|Mahabharata
Jannings|Jannings
Housewives'|Housewives
Wisely|Wisely
retarded!!|retarded
bell|bell
muddily|A
Totall|total
>Code|Code
Peanuts|Peanuts
belt|belt
terrible's|terribles
Sheperd|Sheperd
Cary|Cary
Murderer|Murderer
Carr|Carr
Cars|Cars
made?!?"|made
"jumping|jumping
Murdered|Murdered
extravagant|extravagant
Caro|Caro
Carl|Carl
Cara|Cara
Card|Card
Care|Care
amphibians|amphibians
adaptable|adaptable
Hickson|Hickson
pacemaker|pacemaker
SUDS|SUDS
Harriet|Harriet
consulate|consulate
Car?|Car
Tinnu|Tinnu
1960s!|A
trailblazers|trailblazers
Reinking|Reinking
Dreaming|Dreaming
Car"|Car
ferality|feral
Car'|Car
pandemics|pandemics
agitation|agitation
Slashers|Slashers
binding|binding
Moremi|Moremi
Granger's|Grangers
"Godfather|Godfather
d'Astree|A
fantastic!!!Although|A
Ebrahimi|Ebrahimi
Mann"|Mann
Lugosiyet|A
>Stream|Stream
ladylove's|ladylove
economy|economy
Thinking?|Thinking
EoES|EoE
Tidal|Tidal
>Native|Native
selma|Selma
MIKES|mikes
cappucino|cappucino
Sandrich|Sandrich
MSFT3000|A
Slasher"|Slasher
Row's|Rows
devilishly|devilishly
beige,|beige
>Colonel|Colonel
Suncoast|Suncoast
Manna|Manna
Kang|Kang
KHAMOSH|Khamosh
Fabrizio|Fabrizio
`The|The
Manny|Manny
carried!!!|carried
Mannu|Mannu
clasped|clasped
colors;|colors
code?:|code
costumesand|A
politely|politely
colors:|colors
"their|their
cinematograpy:|A
"AAGHH!!|A
Harland|Harland
'ISOYC|A
Menville|Menville
'American|American
Nationally|Nationally
restroom!|restroom
"Wowsers"|Wowsers
SIESTA|SIESTA
eery|eery
Winslet|Winslet
Zozo|Zozo
Shelley's|Shelleys
impaling|impaling
couple|couple
affaire|affaire
Buza|Buza
emanating|emanating
coupla|coupla
Hack's|Hacks
toned|toned
Buzz|Buzz
Walthal|A
burdock|burdock
Loonatics|Loonatics
Serviceman|Serviceman
pounds|pounds
risks;|risks
Hitchcockian|Hitchcockian
postcard|postcard
>Joining|Joining
WEDDING|WEDDING
Keywords"|Keywords
>BOOOOOOOOOOOOOOOOOOOOOOOOOOOOOOOOOOOOOOOOOOOOOOO|A
Treatment|Treatment
'pop-star|popstar
Ned's|Neds
Hell:|Hell
unsubstantial|unsubstantial
sorbet|sorbet
crapshoot|crapshoot
Hell?|Hell
Hell"|Hell
theopening|theopening
Hell!|Hell
Hell'|Hell
"Want|Want
underbelly|underbelly
stepmother's|stepmothers
Puppets|Puppets
firecracker|firecracker
bloodfest|bloodfest
Griebe|Griebe
*everything*|everything
Witten|Witten
stinkpot!|A
Aviation|Aviation
>MEATBALL|MEATBALL
gremlin|gremlin
Liaisons|Liaisons
Lightner|Lightner
>Erik|Erik
Hella|Hella
'painful'|painful
Itchy's|Itchy
Hello|Hello
"undeath"|undeath
Jessye|Jessye
Oss|Oss
straightened|straightened
Mars's|Mars
Shon|Shon
Osa|Osa
'look'|look
sinners|sinners
canning|canning
Ose|Ose
legalism|legalism
"shocking|shocking
terrorists|terrorists
"Sparkle|Sparkle
'Trivia'|Trivia
disturbingly|disturbingly
legalise|Legalise
"Heartland"|Heartland
controversies|controversies
Hodgson's|Hodgsons
Nastasia|Nastasia
Masladar|A
*accidentally*|accidentally
inspects|inspects
clustering|clustering
tasting|tasting
gases|gases
horses!"|horses
‚Äėdirect‚Äô|direct
Marauders"|Marauders
EXCLUSIVELY|EXCLUSIVELY
Springs"|Springs
Aure|Aure
Vingh|Ving
carping|carping
goosebump|goosebump
HIRE|HIRE
Maecenas|Maecenas
"cracker"|cracker
outloud!|outloud
lame!!!!!!!!!!!!|lame
Awesome|Awesome
Coatesville|Coatesville
>'nuff|nuff
JHOOM"|jhoom
Kicker"|Kicker
Kensuke|Kensuke
Apes|Apes
soliders|soliders
wellpaced;|A
living;|living
"great"|great
deadliest|deadliest
haunt|haunt
Gornick|Gornick
living"|living
living!|living
Twins|Twins
living'|living
Apel|Apel
Huertas|Huertas
dorama|A
logistically|logistically
scrutiny;|scrutiny
"Municipalians"|A
Hazel|Hazel
Masseratti|A
Senor|Senor
Hotline|Hotline
Ziyi|Ziyi
Wasted|Wasted
Luciano!|Luciano
OPERATION|OPERATION
heebie|heebie
eggotistical|A
domineers|domineer
livings|livings
depredations|depredations
catfighting|catfighting
Dana's|Danas
sickening!!!|sickening
Degrees"|Degrees
dillemma|A
suppression|suppression
Ape'|Ape
"psycho"|psycho
f'ing|f'ing
Gardener"|Gardener
misinformative|misinform
Ciano|Ciano
crease|crease
train|train
Waste'|Waste
ninjitsu|ninjitsu
grabed|grabed
Deterctive|A
TRAVIS|TRAVIS
detectives|detectives
amalgamation|amalgamation
glows|glows
Deedlit|A
carelessly|carelessly
show's|shows
swooping|swooping
Organ|Organ
Shatner's|Shatner
malefique|A
statesman's|statesman
minerals|minerals
SPANKY|spanky
rediscovery|rediscovery
'elect|elect
sleeping?|sleeping
&and|A
Walon|Walon
sleeping;|sleeping
contrives|contrives
`modern|modern
glow?|glow
Rendez|Rendez
detective!|detective
detective"|detective
glow"|glow
disheveled|disheveled
nWo|nWo
sleeping!|sleeping
prissies|A
"YES"|YES
Winchester|Winchester
EXAGGERATED|exaggerated
Gunnison|Gunnison
Sealab|Sealab
unprofitable|unprofitable
video|video
Brujo|Brujo
dynamics|dynamics
59*|A
dicked|dicked
cannibale|cannibal
victor|victor
Abbey's|Abbeys
Sellers's|Sellers
waning|waning
multimedia|multimedia
make!|make
make?|make
Comics|Comics
Chainsaw|Chainsaw
make;|make
make:|make
flowing|flowing
harassing|harassing
funtion|funtion
cannibal;|cannibal
cannibal?|cannibal
Brasilia|Brasilia
"rip|rip
Driscoll's|Driscolls
cannibal!|cannibal
fifteen|fifteen
>Raoul|Raoul
LIVES!!!!!!!!|LIVES
Sheriif|A
Zakariadze|A
maked|maked
Lovable|Lovable
mussed|mussed
material's|materials
"quickie"|quickie
derby|derby
Beverley|Beverley
mussel|mussel
makes|makes
maker|maker
>Overwrought|Overwrought
Pigeon|Pigeon
>soap|soap
Ganoush|ganesh
>Boyer|Boyer
Rien>>|Rien
desiring|desiring
Solo|Solo
Bookman|Bookman
1905?|A
Stapelton's|Stapelton
Sold|Sold
Sole|Sole
Masami|Masami
Sola|Sola
Methinks|Methinks
Blondie|Blondie
portayal|portayal
Sols|Sols
Onsite|Onsite
Chatsworth|Chatsworth
Navarrete|Navarrete
pff|pff
"Blame|Blame
sadism?|sadism
Fondacaro|Fondacaro
actuall|actuall
'stilted'|stilted
"Harper"|Harper
actualy|actualy
antichrist|antichrist
"zionist"|zionist
Bucsemi|A
Madam|Madam
Madan|Madan
"Misery"|Misery
`Box|Box
Sol"|Sol
remarks;|remarks
Strauss"|Strauss
Strauss'|Strauss
END***|END
murmuring|murmuring
Bianlian's|A
Incomprehensibility|incomprehensibility
Bagdad"|Bagdad
sayin'|sayin
billboards|billboards
Breathless's|Breathless
rode|rode
Adapt|Adapt
Sev7n|A
rods|rods
choo|choo
bolstered|bolstered
>RATING:|RATING
Rosie|Rosie
>Summing|Summing
Bolt's|Bolts
Feng's|feng
"b"|b
tightrope|tightrope
nerds'|nerds
Eww!|Eww
comedy|comedy
screamersHamburger|A
clasping|clasping
chou|chou
hellraiser|hellraiser
Crile|Crile
chilling!|chilling
rod"|rod
chilling;|chilling
Chises|Chise
SCRAM|SCRAM
Juaquin|Juaquin
@nk|nk
posterized|posterized
badnam|Badnam
"be|be
Superbox|A
Results|Results
'Neighbours'!|Neighbours
Struther's|Struthers
HEAVYWEIGHT|HEAVYWEIGHT
"by|by
Henson's|Hensons
Seargant|Seargant
Aargh|Aargh
RUNAWAY|RUNAWAY
"Rook"|Rook
evolutionary|evolutionary
Danelia|Danelia
"ain't"|Ain't
volts|volts
Shigeru|Shigeru
Fitzgerald|Fitzgerald
ragon|Ragon
Work:|Work
Mikio|Mikio
snows|snows
DURING|DURING
wife's|wifes
tomb's|tombs
Reconsider|Reconsider
Emergency|Emergency
lamp|lamp
uncleanliness|uncleanliness
Gallico|Gallico
Vietcong|Vietcong
derivative|derivative
Nishiyama|Nishiyama
>Tori|Tori
>Torn|Torn
90210|A
COMETS|COMETS
>*They|They
Zantara's|A
Register|Register
>BLOWBACK:|blowback
TICKET|TICKET
Works|Works
Rootbeer|Rootbeer
TYD|TY
Dead"?|Dead
Coinciding|Coinciding
Dead"!|Dead
PERIL!|PERIL
valkyries|valkyries
Dumbo's|Dumbos
YEARS??|YEARS
scorch|scorch
reproducing|reproducing
Shreiber|Shreiber
Landis|Landis
"Duplicity"|Duplicity
BAFTA|BAFTA
shipbuilding|shipbuilding
'Jurassic|Jurassic
FOUR|FOUR
"soundtrack"|soundtrack
books|books
Cheng|Cheng
Joselyn|Joselyn
booky|booky
'slashing'|slashing
bigfoot|bigfoot
likings|likings
ssing|ssing
omnipotent|omnipotent
mortification|mortification
relay?|relay
Julian;|Julian
frowns|frowns
Reprising|Reprising
LORDI|LORDI
mindframe|mindframe
Reveal|Reveal
'was|was
'war|war
Shortly|Shortly
'way|way
logics|logics
Yuma's|Yuma
'wah|wah
book:|book
book;|book
Sanderson's|Sandersons
book?|book
Calvero|Calver
Juliano|Juliano
liking;|liking
Honeymooners"|Honeymooners
could|could
Juliana|Juliana
Juliane|Juliane
liking!|liking
"Macross"|Macross
"Long|Long
"Lone|Lone
Calvert|Calvert
receding|receding
relays|relays
unhorselike|A
>They're|Theyre
Scandals|Scandals
Ajaye|Ajaye
governess'|governess
Dulhaniya|Dulhaniya
khans|khans
>Andy|Andy
WORKS|WORKS
"Monday"|Monday
Anbu|Anbu
loner's|loners
wins!|wins
Dunston|Dunston
wins'|wins
Perils|Perils
Pinter|Pinter
Czechia|Czechia
extraordinary!|extraordinary
Gerogia|Gerogia
physic|physic
wins:|wins
hunka|hunka
"Leao|Leao
wins?|wins
enforcement|enforcement
Boardman|Boardman
Mesmerizing|Mesmerizing
quarry|quarry
"morals"|morals
devoutly|devoutly
monotheism|monotheism
Xenia|Xenia
"otherness"|otherness
pervy!|pervy
"Nicky"|Nicky
orchestrates|orchestrates
Aanekoski|A
"Serial|Serial
commandant|commandant
orchestrated|orchestrated
"kills"|kills
Peril"|Peril
winsy|wins
Tennesse|Tennesse
pheromonal|pheromonal
catholiques|catholique
false|false
intercedes|intercedes
chivalrous|chivalrous
Secret|Secret
maschocists|A
Carabatsos|A
DOWNHILL|DOWNHILL
domestication|domestication
Hob's|Hobs
>"Dick|Dick
Devilish|Devilish
MOCKERY|mockery
cuatro|cuatro
FALWORTH|A
teetered|teetered
Invisible|Invisible
bullfrogs|bullfrogs
Lansbury|Lansbury
squirmish|squirmish
>Canada|Canada
manor|manor
Imhotep|Imhotep
catholique"|catholique
cipher|cipher
Faking|Faking
unsexy|unsexy
regressing|regressing
Wheatena|Wheatena
manoj|manoj
instil|instil
supersentimentality|A
placement|placement
Revenge'|Revenge
bred|bred
Amontillado"|Amontillado
primarilly|A
instic|insti
"Hitchcockian"|Hitchcockian
Syrkin|Syrkin
undersea|undersea
brew|brew
Charno|Charno
Piovani|Piovani
scotty|scotty
Branden|Branden
rubric|rubric
Beauteous|beauteous
Jedna|A
Kwai|Kwai
Branded|Branded
Unsuccessfully|Unsuccessfully
Underscored|Underscored
ten!!!|ten
Incomprehensibly|Incomprehensibly
Curzon|Curzon
arcs"|arcs
entities|entities
arcs;|arcs
schindler's|A
Starla|Starla
HULCE|Hulce
"occupys"|A
Ooooohhhh|A
Darko's|Darko
Landsman|Landsman
molasses|molasses
Gleisner|Gleisner
timecode|timecode
Annick|Annick
Rating|Rating
irc|irc
companion's|companions
comprising|comprising
Brend|Brend
epically|epically
(ie|ie
thepeople|thepeople
Luke"|Luke
"flash|flash
Tripper's|Trippers
Brent|Brent
sink?"|sink
guessing|guessing
Dragonballs|Dragonballs
pronoun|pronoun
preadolescence|preadolescence
bucket|bucket
Summer's|Summers
Joachim|Joachim
trods|trods
Particulare"|particular
Linden|Linden
Rae's|Raes
Vikram|Vikram
destiny|destiny
Issac|Issac
f___g|f___
thyself|thyself
Hindoo|Hindoo
acclaimed;|acclaimed
'rogue'|rogue
comprehendable|comprehend
destine|destine
Linder|Linder
Gussie|Gussie
bandolero|bandolero
'Overlook'|Overlook
"lowbrow|lowbrow
logic'|logic
townsfolk's|townsfolk
'insult'|insult
Cytown|A
refuting|refuting
condorwhich|A
occurs!|occurs
Polizia|Polizia
staring|staring
Peters;|Peters
challengers|challengers
Circus|Circus
campier|campier
computeranimation|A
"Brian"|Brian
Peters'|Peters
>Robin|Robin
Schieders|Schieder
Ledger|Ledger
Brommell|Brommel
Imperishable|imperishable
>Notes|Notes
"Kinsey"|Kinsey
Conkers|Conkers
descents|descents
KMC's|KMC
Myers?|Myers
balloonists|balloonists
5ive"|5ive
Saathiya|Saathiya
genetic|genetic
entitle|entitle
Myers'|Myers
Pekinpah's|A
Pathetic!!!!!|Pathetic
Surrender"|Surrender
sunroof|sunroof
Reinas|Reinas
>Contribution|Contribution
Busia|Busia
receeds|rece
coherence|coherence
nacho|nacho
Laryssa|Laryssa
Slipknot|Slipknot
UNDERSTooD|understood
explorers"|explorers
descent;|descent
coherency|coherency
swindling|swindling
>Note:|Note
Vicky|Vicky
banish|banish
aftershocks|aftershocks
Yong|Yong
literalized|literalized
Yoni|Yoni
gamesmanship|gamesmanship
Bethlehem|Bethlehem
Giorgos|Giorgos
Thelis's;|A
PPV'd|A
Hadi|Hadi
backgrounded)|backgrounded
Hadj|Hadj
"Phantasm|Phantasm
Hada|Hada
Tearjerkers|Tearjerkers
kindergartener's|kindergarteners
lascivious|lascivious
Harlow's|Harlows
of"|A
cohort|cohort
ostentatious|ostentatious
of!|A
of'|A
LutherCorp|A
newsroom|newsroom
carbohydrates|carbohydrates
of)|Of
Aquafina|Aquafina
Cirus"|Cirus
nerd|nerd
judicially|judicially
of5|A
of:|A
of;|Of
of?|A
unimaginable|unimaginable
Decked|Decked
Mandelbaum|Mandelbaum
Dullea|Dullea
diplomatically|diplomatically
censoring|censoring
Decker|Decker
unimaginably|unimaginably
Dulles|Dulles
Stepan|Stepan
ofa|ofa
off|off
Wahala|Wahala
phat|phat
dissing|dissing
ofr|ofr
Avalanche|Avalanche
Occurrences|Occurrences
oft|oft
Cacoyanis|A
windowless|windowless
reefs|reefs
Eyre;|Eyre
contempary|A
newest|newest
tickles|tickles
'like|like
Joys|Joys
'Kony|Kony
TMOB|TMO
Diplodocus|Diplodocus
Futterman|Futterman
Eyre"|Eyre
Eyre'|Eyre
epochsin|A
moralities|moralities
Craptastic|craptastic
ectoplasm|ectoplasm
Paddington|Paddington
CAESAR|CAESAR
herdsman|herdsman
>Judicious|Judicious
practise|Practise
eccentricmother|A
eateries|eateries
debatably|debatably
Parkyarkarkus|A
could'nt|could'nt
meaningfulness|meaningfulness
megalomaniacal|megalomaniacal
atrophy|atrophy
Eyred|Eyre
debatable|debatable
Clinton's|Clintons
Eyre_|Eyre
altogether;|altogether
INSECURITY|INSECURITY
Gantry"|Gantry
interferingly|A
>RATING|RATING
become|become
Tea's|Teas
"breakthrough"|breakthrough
Eyecandy|Eyecandy
underwent|underwent
Gauteng|Gauteng
Doy!!!|Doy
attorney's|attorneys
"sheet"|sheet
vodaphone|Vodaphone
REPORT|REPORT
Annisten|A
Speaking|Speaking
Warrios|A
Warrior|Warrior
hipsters|hipsters
ensuited|ensuite
Prot's|Prots
Eugenics|Eugenics
passion|passion
smackdown|smackdown
copulation|copulation
Instantly|Instantly
performances"|performances
biology|biology
performances!|performances
>Fred|Fred
Jeff|Jeff
Moya|Moya
Montagne|Montagne
Precursor|Precursor
toward's|towards
DISEASE|DISEASE
Utopia|Utopia
"Patzu"|A
>Fret|Fret
posterity|posterity
performances;|performances
expanded;|expanded
performances?|performances
"wretched"|wretched
Mordred|Mordred
Sci|Sci
Hagerthy|Hagerthy
Reload|Reload
abadi|abadi
Brunzell|Brunzell
BELTER|belter
blackness|blackness
Beery's|Beery
dialoque|A
"raptured"|raptured
Chrouching|A
materializing|materializing
Rawiri|Rawiri
"Sparkle"|Sparkle
DAUD|DAUD
Somewhere|Somewhere
Chautard|A
Caesars|Caesars
stratification|stratification
Emancipator|Emancipator
>"Hickory|Hickory
Merian|Merian
starters"|starters
IMDB|IMDB
Rollo's|Rollo
Cody"|Cody
SMUG|SMUG
HOLIDAY|HOLIDAY
I'LL|ILL
muck|muck
hooray!"|hooray
brownies|brownies
Straightedge|Straightedge
splintered|splintered
pairing|pairing
T'aime|Taime
IMDb|IMDb
Whistler's|Whistlers
doubter|doubter
"Farewell|Farewell
Sanitation|Sanitation
connotations|connotations
Kiddy|Kiddy
nation`s|nations
"bombs"|bombs
Bohl|Bohl
cote's|cote
Mitsugoro|A
Caesar"|Caesar
Bachelor|Bachelor
fragmentation|fragmentation
"click"|click
wretchedly|wretchedly
spectable|A
Ellman|Ellman
excitement|excitement
Arjun|Arjun
reactions:the|A
>During|During
Forman's|Formans
problem|problem
Subversive|Subversive
Ferland|Ferland
Fulci's|Fulci
Kriegman|Kriegman
"sensual"|sensual
"cromosonic|A
WRITTEN|WRITTEN
Nath|Nath
Nato|Nato
A++++|A
Radburn|Radburn
Enfants"|Enfants
Expelled|Expelled
Nate|Nate
Somers|Somers
Collison|Collison
details|details
Gargoyle|Gargoyle
"Brady"|Brady
rebelled|rebelled
Peers|Peers
Michaela|Michaela
embassy's|embassy
postulations|postulations
McAffe|A
matt|matt
Michaely|Michaely
orphanages|orphanages
U|U
"zombies"|zombies
MIXED|MIXED
Michaels|Michaels
seraphic|seraphic
ULF|ULF
dunnies|dunnies
tormented!!!|tormented
detail"|detail
Corps|Corps
lestat|Lestat
villainous|villainous
"Nellie"|Nellie
Corpo|Corpo
showoffy|showoff
detail:|detail
detail;|detail
clamoring|clamoring
misusing|misusing
magnetic|magnetic
>Nikkhil|Nikkhil
Interlude|Interlude
yikes|yikes
someplaces|someplace
>Toronto|Toronto
tenuous|tenuous
Etude|Etude
huffs|huffs
Emporer|Emporer
integrity|integrity
BWP|BWP
BVDs|BVDs
1915!|A
Immediate|Immediate
1138?|A
farber|Farber
masticating|masticating
worth|worth
>Benfer|Benfer
Pips|Pips
"Glory"|Glory
MacCay|A
PATSY|PATSY
sequelling|sequel
Pipe|Pipe
replication|replication
FOP!!"|FOP
Pipa|Pipa
someplace:|someplace
Hunchback|Hunchback
daydream|daydream
debunked|debunked
Morcillo|Morcillo
Involve|Involve
samurai|samurai
"uglying"|ug
"Dragons"|Dragons
percy's|Percy
Walshs'|walsh
genies|genies
Jing|Jing
gasbag|gasbag
viewing?|viewing
Jinn|Jinn
viewing;|viewing
viewing:|viewing
professionally|professionally
viewing!|viewing
Zombies"|Zombies
"CLOSET"|CLOSET
riches"|riches
panda|panda
VOICE|VOICE
cameos?|cameos
Whirling|Whirling
cameos:|cameos
cameos'|cameos
bipolar|bipolar
rescinds|rescinds
Grandin|Grandin
cameos!|cameos
Sedan|Sedan
Gnanavel|Gnanavel
RUNNERS"|RUNNERS
viewings|viewings
fathers'|fathers
Boat"|Boat
Boat!|Boat
Boat'|Boat
equals|equals
fathers!|fathers
metaphorically|metaphorically
Boat:|Boat
ploughed|Plough
Pikes|Pikes
>Harry|Harry
Marshal|Marshal
stresses|stresses
fireballs|fireballs
GIVING|GIVING
`Superhero'|Superhero
Rieser|Rieser
rudely!|rudely
stressed|stressed
Servoss|Servoss
championship"|championship
thriller's|thrillers
"problem"|problem
Raymonde|Raymonde
inequitable|inequitable
brr|Brr
vapors|vapors
bro|bro
Satan|Satan
BANACEK|Banacek
championship:|championship
wiseacre|wiseacre
bra|bra
divorce"|divorce
"Daggers"|Daggers
divorce!|divorce
Bellini|Bellini
Steel"|Steel
exacty|exacty
administering|administering
divorce?|divorce
exacts|exacts
>Lighting|Lighting
reevaluate|reevaluate
plenitude|plenitude
Victorianisms|victorian
ascribe|ascribe
Stallone's|Stallones
Imamura's|Imamura
championships|championships
Kumble's|Kumble
gangraped|gangraped
'speak'|speak
drinking!|drinking
Native's|Natives
1991|A
1990|A
1993|A
1992|A
1995|2
1994|A
divorced|divorced
1996|A
1999|A
1998|2
goodnow|Goodnow
Steele|Steele
Miho|Miho
honeymooners|honeymooners
cuddly|cuddly
Steely|Steely
divorces|divorces
cuddle|cuddle
tna|tna
>How'd|Howd
BURIAL|BURIAL
Hazmat|Hazmat
"Sing|Sing
quivering|quivering
"Sini|Sini
stinginess|stinginess
"love|love
hyperdrive|hyperdrive
"Sins|Sins
WRAP|WRAP
caterwauling|caterwauling
agreeability|agreeability
carriers|carriers
nuts|nuts
hated'The|6
VeriSign|VeriSign
ROTFL|ROTFL
score's|scores
bebop|bebop
"whizzpopping"|A
merritt|Merritt
bares|bares
robes|robes
weapons!|weapons
reference!!!|reference
Luhzin|A
bared|bared
weapons?|weapons
weapons;|weapons
Shirdi|Shirdi
Danube|Danube
Location's|Locations
Newsom|Newsom
Kannathil|Kannathil
carrier;|carrier
"Bachman"|Bachman
Hendrick's|Hendricks
Cheswick|Cheswick
nut'|nut
wouldst|wouldst
>Caroline|Caroline
{except|except
Kun's|Kuns
Burnout|Burnout
undetected|undetected
"fallacious"|fallacious
Saxaphone|saxaphone
innovative|innovative
Tahitian|Tahitian
routine;|routine
routine?|routine
Lourie'|Lourie
>Hallmark|Hallmark
What's|What's
McKellen's|McKellen
Verbal's|Verbals
"timeless|timeless
Paraiso|Paraiso
production|production
"Grey's|Greys
routine!|routine
routine"|routine
Goofed|goofed
What'd|What'd
routine'|routine
ruined?|ruined
Konopka|Konopka
Motion|Motion
Grandeurs|grandeur
rotton|Rotton
serendipitous|serendipitous
'Boriac|A
workflows|workflows
'OIRISH'|A
ancient?|ancient
ruined!|ruined
double-elimination|Double_Elimination
Showering|Showering
tree's|trees
routines|routines
Randall's|Randalls
'Mental|Mental
wordplay|wordplay
Stiggs|A
varmint|varmint
Fnnish|A
Bedrock|Bedrock
Origin's|Origins
dumping|dumping
remember"Race|A
Samina|Samina
Typo|Typo
"hated"|hated
Type|Type
Mopsy|Mopsy
4yr|4yr
VALARIE|Valarie
Valereon|A
walking!!!|walking
Katana|Katana
vaqueros|vaqueros
ruggedly|ruggedly
Proustian|Proustian
FoLD|fold
deesh|dees
Springsteen|Springsteen
>Rani|Rani
forcible|forcible
bellhops|bellhops
volcano?|volcano
HOSPITAL"|HOSPITAL
disputes|disputes
Waissbluth|A
ungraspable|ungraspable
enlightened|enlightened
>Jud|Jud
lollipop|lollipop
Shootings|Shootings
(an|an
sprit|sprit
caricaturing|caricaturing
tumors?|tumors
flawless|flawless
Cringeworthy|cringeworthy
professionell|A
(as|as
(at|at
Amendments|Amendments
>INTERVIEWEES|interviewees
immolation|immolation
another|another
Handy's|Handys
mechanistically|mechanistically
illustrate|illustrate
Mennell|Mennell
Pigot|Pigot
powerhouses:|powerhouses
U-turn|U_Turn
seduction|seduction
Fugitive|Fugitive
material"|material
blurts|blurts
"period"|period
Arjuna|Arjuna
opting|opting
Rare|Rare
Andersson|Andersson
"Saint|Saint
Raro|Raro
cereal|cereal
"otherness";|otherness
unnecessity|A
"Nouvelle|Nouvelle
Subtlety|Subtlety
Izzy|Izzy
Hazzard|Hazzard
apparantly|apparantly
takeover"|takeover
hologram|hologram
Stealer|Stealer
Q1|Q1
Q2|Q2
jazzing|jazzing
Q:|Q
`Thelma|Thelma
Verger|Verger
Q!|Q
enchanted|enchanted
Q"|Q
Q'|Q
impelled|impelled
twists?|twists
shagayu|A
contents|contents
Howell's|Howells
Heder|Heder
prehensile|prehensile
convenient|convenient
Millican|Millican
'Underground'|Underground
Supermodel|Supermodel
Essig's|Essigs
losers"|losers
thundering|thundering
pilgrimage|pilgrimage
Filmically|filmic
Cagliostro|Cagliostro
content)|content
Allman|Allman
trought|Trought
Resolving|Resolving
troughs|troughs
bam!|bam
Kankuro|Kankuro
content?|content
means!!|means
content:|content
Qi|Qi
Zodiac|Zodiac
acknowledgements|Acknowledgements
miracle!"|miracle
Twelve|Twelve
a**holocolism|A
QT|QT
swami|swami
DICK|DICK
brewskies|brewskies
massaging|massaging
QA|QA
swamp|swamp
QC|QC
QB|QB
>Shakespeare|Shakespeare
Wavelength|Wavelength
QM|QM
QL|QL
"Crater|Crater
Toilets|Toilets
unmistakable|unmistakable
>holy|holy
scatology|scatology
Gimpel|Gimpel
"tango|tango
lense|lense
HEADING|HEADING
Fanaticism|Fanaticism
Photographs|Photographs
sleuths|sleuths
em'|em
>Future|Future
'Best|Best
Photography|Photography
run:|run
>'House|House
Raghupati|Raghupati
facades|facades
discretionary|discretionary
run!|run
Dalmation|Dalmation
cashews|cashews
BROKE|BROKE
Speculate|Speculate
"lick|lick
Haitian|Haitian
lens;|lens
Laureate|Laureate
tracers|tracers
belaboured|belaboured
Bobcats|Bobcats
hangings|hangings
"Kids"|Kids
hybrids?|hybrids
basics:|basics
haunted|haunted
roundabout|roundabout
downtime|downtime
"book"|book
>Trevor|Trevor
runs|runs
domesticity|domesticity
runt|runt
Boreanaz|Boreanaz
facade:|facade
"Royal|Royal
reintroducing|reintroducing
emu|emu
Calef|Calef
Pearce|Pearce
"Neighbors"|Neighbors
rung|rung
insurgents|insurgents
Tango'|Tango
Caracas|Caracas
parishioner|parishioner
TOUCHING|TOUCHING
'creature'|creature
Tiffany's|Tiffanys
>Leesville|Leesville
dreamscape|dreamscape
pastel|pastel
animation's|animations
draws|draws
Horus|Horus
smoggy|smoggy
pasted|pasted
Horror|Horror
'You're|Youre
Ghita|Ghita
Listener|Listener
Michi|Michi
cooperation|cooperation
Advani's|Advanis
drawn|drawn
drawl|drawl
pastes|pastes
circumspect|circumspect
flaws!hypercube|A
endue|endue
Knightley|Knightley
Domingo|Domingo
upsides|upsides
rapporteur|rapporteur
kitchen|kitchen
"Serious"|Serious
draw?|draw
BUTTON|BUTTON
accused's|accuseds
fags|fags
>Visually|Visually
paste"|paste
Dawe|Dawe
Eighteen|Eighteen
Safdar|Safdar
haa|haa
>Costner|Costner
Dawn|Dawn
Baker!"|Baker
armour!|A
Election:|Election
hokie|hokie
haltingly|haltingly
Neagle|Neagle
engulfs|engulfs
Balloonatic|Balloonatic
infirm|infirm
Nominees|Nominees
Election'|Election
XBOX|XBOX
gratitude|gratitude
EXASPERATING|exasperating
bressani|Bressani
backwardness|backwardness
I've|I've
Letisha|Letisha
Assassino"|A
monsterism|monster
sleepover|sleepover
Hungarians|Hungarians
Barge|Barge
documetary|A
Engelhorn|Engelhorn
>Chicago|Chicago
Bargo|Bargo
Soapdish|Soapdish
vegetables)|vegetables
Wilkinson's|Wilkinsons
hospitalization|hospitalization
plebeian|plebeian
excite|excite
psychically|psychically
vegetables?|vegetables
armoury|Armoury
Metzler|Metzler
Hungarian!|Hungarian
sculpt|sculpt
hugger's|huggers
taxes;|taxes
liaised|liaised
Angels"|Angels
superciliously|superciliously
Angels'|Angels
EOTW|EOT
puritans"|puritans
rattlers|rattlers
hav|hav
SERVICE!!!!!!!!|SERVICE
Hungarian;|Hungarian
unlikely|unlikely
Hamilton's|Hamiltons
Masses|Masses
marksmanship|marksmanship
T*ts|A
Massen|Massen
warthog|warthog
municipal|municipal
bilious|bilious
anual|anual
CVs|CVs
Mescaleros|Mescaleros
"Whisky|Whisky
Graaf|Graaf
disparaged|disparaged
disciplining|disciplining
"Viagem|Viagem
fuss|fuss
Lastliberal|A
knights"|knights
Shetty'|Shetty
fuse|fuse
Ganesh's|ganesh
>Lynn|Lynn
Alas:|Alas
Auten|Auten
Santa?|Santa
AWESOME!!!!|AWESOME
whereby|whereby
1600|A
Jetee"|jete
TALLIN|Tallin
Dysfunctinal|A
Apanowicz|Apanowicz
Santa"|Santa
Santa!|Santa
CV!|CV
"Ekspres|Ekspres
Acclaim"|Acclaim
Derek's|Dereks
Century!|Century
Century"|Century
Scientifically|Scientifically
Hope's|Hopes
Century'|Century
sabbatical|sabbatical
Win"|Win
Niemann's|Niemann
Dogs*|Dogs
blowback|blowback
tenderer|tenderer
Dogs"|Dogs
thumbprints|thumbprints
"Dud"|Dud
Jury;|Jury
Parish|Parish
shadings|shadings
Eighth|Eighth
usable|usable
"Tiny|Tiny
Wins|Wins
iOS|iOS
Wink|Wink
Winn|Winn
Wino|Wino
designers|designers
Pelswick|A
Wing|Wing
Wind|Wind
audiotape|audiotape
eroded|eroded
"Bloodrayne|Bloodrayne
rustle|rustle
Canerday|Canerday
>Sent|Sent
Kurosawa|Kurosawa
attmept|attmept
erodes|erodes
night|night
revisiting|revisiting
LaBoheme|A
peine!!!|peine
Gus?|Gus
taffy|taffy
Nemec|Nemec
Ewa|Ewa
brutishness|brutishness
closeups|closeups
Ewe|Ewe
ain't!!|A
chunks|chunks
shamrock|shamrock
Italia|Italia
pubert|A
Eww|Eww
glamorize|glamorize
Malibu|Malibu
Supersize|Supersize
signifying|signifying
Thatcherites|Thatcherites
Stroppa|Stroppa
Loffe|Loff
>today|today
gentle?|gentle
gets:|gets
MallWart|A
gets?|gets
Fletcher's|Fletchers
deferential|deferential
Guss|Guss
Proceedings|Proceedings
unfoldment|unfold
Framer|Framer
"growth|growth
gets!|gets
gets"|gets
Mailing|Mailing
six!|six
six"|six
"disco"|disco
gentler|gentler
Teodoro's|Teodoro
Deewana|Deewana
Lundquist|Lundquist
concering|concering
Deewani|Deewani
Trap|Trap
Horizon|Horizon
oddsI|odds
`dramatize|dramatize
Grotesque|Grotesque
rendering|rendering
Schnabel|Schnabel
obligate|obligate
>Gallindo's|A
SOSN|SOS
Gorris'|Gorris
Chameleon|Chameleon
Canyons|Canyons
sovereign|sovereign
bullsh!t|A
Medford's|medford
deprogramming|deprogramming
"worst"|worst
Snarling|Snarling
infomercial|infomercial
overjoyed|overjoyed
DREADFUL|DREADFUL
Sahl|Sahl
"Taxidriver"|taxidriver
Bhagat|Bhagat
Bhagam|Bhaga
MacArhur's|A
'WHY!!!'|WHY
andall|andall
Cheh's|cheh
Lando's|Landos
odds?|odds
heartstrings|heartstrings
Canyon"|Canyon
Canyon!|Canyon
Reducing|Reducing
Jessie|Jessie
EDUCATED|EDUCATED
aorta|aorta
"sloppy"|sloppy
Marian's|Marians
potholes|potholes
Scenery|Scenery
>Nolte|Nolte
nimrods|nimrods
Darkside|Darkside
evasive|evasive
'off'|off
"Ghostbusters"|Ghostbusters
AMOLAD|A
Sumptuously|sumptuously
INSIGHTFUL|insightful
Largely|Largely
IT'S|it's
Bernie's'|Bernies
outreach|outreach
authoritarianism|authoritarianism
Lynche's|Lynches
notting|Notting
ALERT!!!!|ALERT
Onyulo|A
chairperson|chairperson
Chandu|Chandu
IT's|it's
Brosnan's|Brosnan
>Dickens|Dickens
Maia's|maia
"Quebec|Quebec
(you|you
Keller|Keller
Raymond"|Raymond
Chicken|Chicken
INCREDIBLY|INCREDIBLY
Kelley|Kelley
animator|animator
concept|concept
Salgado|Salgado
Somnambulistic?|somnambulistic
keep|keep
pachyderm|pachyderm
Republic|Republic
archambault|Archambault
Memoir|Memoir
turn:|turn
turn;|turn
{James|James
turn?|turn
"Becoming|Becoming
absolutely!|absolutely
zeroing|zeroing
gigs|gigs
aristocratic|aristocratic
Delphine|Delphine
Intent|Intent
quilty|quilty
turn"|turn
turn!|turn
extols|extols
consider:|consider
>Afrika|Afrika
Waxork|A
franchise's|franchises
MSTified|A
Grusiya|A
dismalness|dismal
turns|turns
UNfair|unfair
emphatic;|emphatic
puppeteer|puppeteer
Schickner|Schickner
Demarco|Demarco
MacArthur:|MacArthur
Klever?|Klever
RoboCop|RoboCop
therapist's|therapists
detonated|detonated
>"Watch|Watch
Jeter|Jeter
Synecdoche|Synecdoche
Helpfully|Helpfully
TEN:|TEN
detonates|detonates
Stepsons|stepsons
forging|forging
Jetee|jete
Fork|Fork
rapist|rapist
recommeded|recommeded
Form|Form
barbie|barbie
Fora|Fora
MacCauley|MacCauley
Ford|Ford
biopics|biopics
Navigator'|Navigator
Boskovich|Boskovich
Fors|Fors
Fort|Fort
Bunko|Bunko
coming"?|coming
Arsonist|Arsonist
Daria|Daria
NECK!|NECK
Dario|Dario
Darin|Darin
Darim|Darim
handyman|handyman
Serviceable|Serviceable
2:30|A
Anjaam|Anjaam
2:32|A
sleepwalkers|sleepwalkers
English|English
hadn't|hadn't
teaches|teaches
teacher|teacher
sociable|sociable
Juvenile|Juvenile
Magnitsky|Magnitsky
Portugal|Portugal
3:22|A
For"|For
43%|A
For'|For
"Ten|Ten
franklin|franklin
"Ted|Ted
biopic;|biopic
"Tea|Tea
unbothersome|A
430|A
plotted|plotted
puffer|puffer
Tally|Tally
regardless|regardless
extra|extra
O'Connel|O'Connel
HAVE'NT|have'nt
uphill|uphill
puffed|puffed
Isaac|Isaac
fbi|fbi
'monsters'|monsters
caskets|caskets
"Dynamite!"|Dynamite
blow'em|A
Zinnemann|Zinnemann
crow?|crow
soko|Soko
Tongue"|Tongue
Lado's|lado
Sossman|A
rainfall|rainfall
ghostwritten|ghostwritten
Klineschloss|A
"Wait|Wait
Life:|Life
Life'|Life
Life"|Life
extra's|extras
CTHD|CTH
defeats|defeats
Eventaully|eventaully
standard's|standards
charishma|A
Walther|Walther
storyboring|A
trans|trans
Hessians?|Hessians
Partha|Partha
PICKPOCKET|pickpocket
Ernie|Ernie
gales|gales
Drivers|Drivers
bird's|bird's
regale|regale
seascapes|seascapes
>Taylor's|Taylors
"unelected|unelected
TORTURE|TORTURE
NCRI|NCRI
>Constant|Constant
Prince's|Princes
Laughable|Laughable
deteriorate|deteriorate
armies|armies
Driver:|Driver
Salem!|Salem
undyingly|undyingly
songbook|songbook
"robot"|robot
veging|vege
drastic|drastic
chaingun|chaingun
Gorehounds|gorehounds
O'Reily|O'Reily
Rydstrom|Rydstrom
Digitally|Digitally
Shim|Shim
Shia|Shia
Radio|Radio
HANDS|HANDS
Kukkonen|Kukkonen
Ship|Ship
conquests|conquests
Shit|Shit
Shiu|Shiu
Combustion|Combustion
Jax|Jax
Author|Author
Jaw|Jaw
STAINED|STAINED
Jar|Jar
Jap|Jap
Jaq|Jaq
Jan|Jan
ended|ended
stile|stile
Jam|Jam
disparities|disparities
Lustig's|Lustig
Jai|Jai
Jag|Jag
hemispheres'|hemispheres
still|still
Jab|Jab
Jaa|Jaa
Dolan|Dolan
badly;|badly
Shearmur|Shearmur
transexuality|transexuality
correspondence|correspondence
JailsD|Jails
THICK?|THICK
Skaal|A
Carlito's|Carlitos
"Arnold"|Arnold
adrenaline|adrenaline
Crouse's|Crouse
galloping|galloping
'thrill|thrill
placate|placate
"N***er"|Ner
human's|humans
meshugaas|A
Rauol|A
LOVECRAFT|Lovecraft
seamanship|seamanship
grouse|grouse
rapists|rapists
"Busco|Busco
Thre|Thre
Phht|A
monitor}|monitor
Thru|Thru
monitors|monitors
Kusminsky's|A
>Crucial|Crucial
McNally's|McNallys
>Obnoxious|Obnoxious
fargo|fargo
advantaged|advantaged
interesting"|interesting
Iijima|Iijima
interesting!|interesting
interesting'|interesting
gaffs|gaffs
interesting:|interesting
interesting;|interesting
Lowitz|Lowitz
advantages|advantages
interesting?|interesting
Oprah's|Oprahs
gaffe|gaffe
tangles|tangles
contemplation|contemplation
fa|fa
Pache|Pache
carboard|carboard
transition|transition
Pacha|Pacha
maffia|Maffia
hell?!"|hell
Eriq|Eriq
Erin|Erin
::sigh::|sigh
Maharaja|Maharaja
tangled|tangled
Erik|Erik
Montereal|A
Ironic|Ironic
list?l=21849907|A
Eric|Eric
Saboteur|Saboteur
ended:|ended
ended;|ended
CRIMES"|CRIMES
ended?|ended
"Rudy"|Rudy
crucifux|A
Headmistress|Headmistress
rapee|Rapee
fi|fi
ended"|ended
ended!|ended
Greebling|A
tomorrow|tomorrow
Firestarter|Firestarter
caught|caught
rapey|rapey
Davenport's|Davenports
"Don|Don
congratulation"|congratulation
freebie|freebie
"Dog|Dog
Ende|Ende
>ZZZZZZZZzzzzzzzzzzzzzzzzzzzzzzzzzzzzzzzzz|A
"Doc|Doc
4am|4am
`gender|gender
fiends!|fiends
Belle"|Belle
PLUGGED|PLUGGED
Jail|Jail
Jain|Jain
baja|baja
Jaid|Jaid
morphing|morphing
bauxite|bauxite
transferred|transferred
discernment|discernment
BLINDSPOT|blindspot
Endo|Endo
Ultimatum"|Ultimatum
Settlement|Settlement
fishhooks|fishhooks
placidness|placid
unsubstantiated|unsubstantiated
"sexual|sexual
`make|make
Saffron|Saffron
Dees|Dees
Winnipeg|Winnipeg
now!)|now
maniacs!|maniacs
now!"|now
now!!|now
Clairmont|Clairmont
Mountian|Mountian
Kolchak:|Kolchak
voted!|voted
Bucur|Bucur
premiere"|premiere
inked|inked
premiere;|premiere
Newberry|Newberry
hookah|hookah
Refuses|Refuses
'David|David
Wiseguy|Wiseguy
Ashmit|Ashmit
HE'S|he's
"show|show
Niedhart|A
Berzier's|A
>Classic|Classic
importantly|importantly
Akin|Akin
Akim|Akim
Grahem|Grahe
HE's|he's
*or*|or
premiered|premiered
>Landscapes|Landscapes
"church|church
Bolander|Bolander
premieres|premieres
Flaviana|Flaviana
Flow"|Flow
Web|Web
Wee|Wee
Wed|Wed
Wei|Wei
Character|Character
Wen|Wen
hairpin|hairpin
Wel|Wel
Wes|Wes
Topical|Topical
quelled|quelled
carnivalesque|carnivalesque
Wet|Wet
Wez|Wez
Sharing|Sharing
Zealander|Zealander
nicolette|Nicolette
"CN:|CN
Awake|Awake
>"True|True
Karino|Karino
armouries|Armouries
>Genie|Genie
>Nowadays|Nowadays
Morel's|Morels
Adaptations|Adaptations
wardens|wardens
picec|pice
audiencemembers|A
Gunsan|Gunsan
Levinson|Levinson
"Beverley|Beverley
stroll|stroll
TOWN|TOWN
else's|else's
"sustain"|sustain
irritant|irritant
Dan'l|Dan'l
baits|baits
starrers|starrers
Winnie's|Winnies
rape!|rape
Bovie|Bovie
excoriated|excoriated
EMO|EMO
>Guys|Guys
EMI|EMI
anchored|anchored
EMT|EMT
EARTH!|EARTH
Tolerance|Tolerance
excoriates|excoriates
BANISHED!|BANISHED
troubadour|troubadour
alchoholics|alchohol
1600s|A
heroes;|heroes
heroes:|heroes
lexical|lexical
heroes?|heroes
colours|Colours
heroes"|heroes
humbles|humbles
heroes'|heroes
Members|Members
ADVISE|ADVISE
offensive:|offensive
intonations|intonations
>"Ned|Ned
"Biograph|Biograph
Tavern|Tavern
Sublime|Sublime
Alexandre:|Alexandre
Lieberman|Lieberman
handpicked|handpicked
whatshisface|A
ACHILLES|ACHILLES
>"New|New
broil|broil
hydrate|hydrate
colour!|A
>Wounded|Wounded
THINKING|THINKING
matchmake|matchmake
'backdrop'|backdrop
"extremes"|extremes
Bekmambetov|Bekmambetov
wellbalanced|A
hhaha|A
Escape|Escape
Bubonic|Bubonic
colour?|A
Member;|Member
Overwhelmed|Overwhelmed
Patridge|Patridge
overwatching|overwatching
'Parkinson'|Parkinson
stakes"|stakes
exploit|exploit
>Superchick|Superchick
"poker|poker
"Grumpy|Grumpy
Entered|Entered
warnings?|warnings
brats|brats
>Aware|Aware
these!!!!!!|these
Aapkey|Aapke
Launch"|Launch
Blimps|Blimps
Paid|Paid
"gritty"|gritty
Dentist|Dentist
Floyd|Floyd
dictator|dictator
Pair|Pair
lore;|lore
Cocoanuts|Cocoanuts
HealthPark|HealthPark
Synapse|Synapse
monsieur|monsieur
Debbie's|Debbies
Head's|head's
aero|aero
"Coming|Coming
brat!|brat
"Shower"|Shower
girl??|girl
vagueness|vagueness
Birman|Birman
Ventriloquist|Ventriloquist
Involves|Involves
multiethnic|multiethnic
Rannvijay|Rannvijay
spiriting|spiriting
"Foreman|Foreman
scarily|scarily
offbeat|offbeat
"instruction"|instruction
fire?!|fire
biped|biped
cherub|cherub
GNP|GNP
bickered|bickered
mucus|mucus
inflatable|inflatable
figurines|figurines
dildos|dildos
Better|Better
Carrere|Carrere
Carrera|Carrera
Aissa|Aissa
waterway|waterway
>just|just
POLITICIAN!|POLITICIAN
Israel|Israel
develop|develop
Maroni|Maroni
MEANS|MEANS
Swatman|Swatman
Redon:|Redon
Griswalds|Griswald
Design|Design
They're|They're
squatted|squatted
Amada|Amada
slurring|slurring
*****!|*****
TARZAN|TARZAN
MEAN!|MEAN
>"Waxworks":|Waxworks
squatter|squatter
nandita|Nandita
DIRECTOR|DIRECTOR
>Bullet|Bullet
"realistic"|realistic
bagpiper|bagpiper
bagpipes|bagpipes
Terence|Terence
Barbini|Barbini
>Home|Home
"fish|fish
>*VERY|VERY
ATOR's|ators
Pumb|Pum
Puma|Puma
Pumbaa's|Pumbaa
Service|Service
RockaRoll|A
plagiarised|plagiarise
moviestar|moviestar
"Junior"|Junior
electrification|electrification
Pump|Pump
compromising|compromising
>Pinjar|Pinjar
Critter|Critter
Kibbee|Kibbee
death|death
"nuke|nuke
euros|euros
"Skip"|Skip
Analyse|Analyse
MST3K!|MST3K
:"African|African
propped|propped
Illya|Illya
polyphobia:|A
exult|exult
Mertz|Mertz
MT??|MT
ditz|ditz
Yoda's|yoda
propper|propper
Notorious|Notorious
bull!?#@|bull
superficialities|superficialities
'stole'|stole
YANKEE|YANKEE
Nominea|Nomine
BLOWING|BLOWING
Nominee|Nominee
Regulars|Regulars
unrequited|unrequited
Jan's|Jans
"banging"|banging
"leave|leave
Unberuhrbare|A
Pequin|A
l'Opera|A
"Water|Water
falsehood|falsehood
verbal|verbal
exposed|exposed
sentimentally|sentimentally
undistinguishable|undistinguishable
cathode|cathode
exposes|exposes
exposer|exposer
zealously|zealously
Melin|Melin
"ifs|ifs
asthetics|asthetics
Udall|Udall
jocks?|jocks
"nation|nation
manipulator|manipulator
Symantec|Symantec
Boratto|Boratto
tweeness|tweeness
Ion|Ion
Prizzi|Prizzi
football's|footballs
Zanni|Zanni
SIDEWALK|SIDEWALK
nuggets|nuggets
ainsley|Ainsley
"hope";|hope
"aristocracy|aristocracy
Kosmos|Kosmos
BOYS|BOYS
Errr|Errr
overbite|overbite
exciting|exciting
drama|drama
Kalmus|Kalmus
unsure!|unsure
Bondarchuk|Bondarchuk
vh|v
Blains|Blain
piety|piety
liked:|liked
schnoz|schnoz
Hillbilly|Hillbilly
liked"|liked
liked!|liked
Blaine|Blaine
spectaclesI|spectacles
Intergovernmental|Intergovernmental
pieta|pieta
Blouse|Blouse
>So:|So
critics!|critics
critics"|critics
battles;|battles
"Everybody's|Everybodys
exasperation|exasperation
whole"|whole
KSA's|KSAs
whole?|whole
>Nicole|Nicole
whole;|whole
whole:|whole
critics?|critics
shrinking|shrinking
'proto|proto
Bromell|Bromell
Chastised|Chastised
Jarrow|Jarrow
qualifying|qualifying
Move"|Move
"vegeburgers"|A
"bold|bold
suppositions|suppositions
>Tarzan|Tarzan
Move;|Move
hammiest|hammies
Hotshot|Hotshot
Falcons|Falcons
"Cliff"|Cliff
energy)|energy
'R'by|rbi
chorion|Chorion
Night's|Nights
inadvertant|inadvertant
pitcher|pitcher
pitches|pitches
"Lookit|Lookit
philosophers|philosophers
omelet|omelet
pervasively|pervasively
Moveis|A
pitched|pitched
Trouble|Trouble
wholes|wholes
becasue|becasue
cheapies|cheapies
Magnus'|Magnus
illustrator|illustrator
Moved|Moved
Vermas|Vermas
freddy|freddy
Benis"|Benis
>Reading|Reading
Moves|Moves
607|A
600|A
60?|A
60:|A
Springwood;|Springwood
60!|A
Pepoire|A
Greenquist|Greenquist
Veterans|Veterans
60+|A
Prendergast|Prendergast
cabinets|cabinets
infact|infact
blabbering|blabbering
McKenna's|McKennas
modding|modding
carjack|carjack
>"Hoods|Hoods
>Katelin|Katelin
Purpose|Purpose
fools|fools
Lucy"|Lucy
'Citizen|Citizen
Sacrificing|Sacrificing
60s|A
CHILD'S|child's
Nauseatingly|nauseatingly
'clueless'|clueless
dears|dears
whistling|whistling
Hessling|Hessling
Flava|Flava
Sitcoms'|Sitcoms
"Camping|Camping
pelosi|pelosi
juniors|juniors
??!!|A
Naveen|Naveen
Frech|Frech
fool"|fool
cabinet!|cabinet
cabinet'|cabinet
"Island"|Island
cabinet,|cabinet
robert|robert
Kuala|Kuala
unutilized|unutilized
>problems|problems
ceases|ceases
"BENDY|bendy
directed!|directed
unrest|unrest
Take|Take
Shultz|Shultz
bulb|bulb
pipsqueak|pipsqueak
Taki|Taki
religious|religious
osteoporosis|osteoporosis
"effect"|effect
disassociate|disassociate
Aborigins|A
"drove|drove
Hickland|Hickland
danielle|danielle
refute|refute
Easyrider|Easyrider
BEDAZZLED|bedazzled
TWISTER!|TWISTER
amnesia!|amnesia
''fewer|fewer
patently|patently
Jahfre|A
Hancock|Hancock
witching|witching
SOURCE!!!!!!"|SOURCE
"PRIME|PRIME
unfair!!|unfair
artfulness|artfulness
"effects|effects
state’|state
reaffirming|reaffirming
amnesiac|amnesiac
Rance's|Rances
Chokeslam|Chokeslam
Roby|Roby
exagerrated|exagerrated
>Fever|Fever
Robt|Robt
Robs|Robs
Robo|Robo
Crowther|Crowther
Rebane's|Rebane
heralds|heralds
Dressing|Dressing
'BAD'|BAD
Robb|Robb
Flippen|Flippen
Mukhsin|Mukhsin
Criticos|Criticos
Phantasm;|Phantasm
steadying|steadying
Phantasm"|Phantasm
Langara|Langara
TOTALLY|TOTALLY
"hideous"|hideous
burglarize|burglarize
stockyards|stockyards
scoffing|scoffing
ragtime|ragtime
excess|excess
Katsu's|Katsu
INTRIGUING|INTRIGUING
Believably|believably
argumental|Argumental
Parent's|Parents
"comments"|comments
"victim"|victim
advertising|advertising
precognition|precognition
Believable|Believable
policeman;|policeman
>Gustad|Gustad
namers|namers
Tingler|Tingler
Whoosh|Whoosh
Shamefull|shamefull
"Stanford|Stanford
culture's|cultures
seventeenth|seventeenth
dowager|dowager
LFF|LFF
bette|bette
Scorseses|Scorseses
capacity'|capacity
Butlers|Butlers
Suchak|Suchak
Cadillac"|Cadillac
capacity?|capacity
Connor|Connor
PRESIDENT|PRESIDENT
somethinged|something
Eisenhower??|Eisenhower
Tilneys|Tilney
cannibalism|cannibalism
lowering|lowering
ACCOMPLISHING|accomplishing
unlearned|unlearned
propellers|propellers
spoilers!!|spoilers
Arli|Arli
pretense|pretense
indian"|indian
puppetmaster|puppetmaster
Butler?|Butler
Scorsese?|Scorsese
>Narsimha:|Narsimha
Selle|Selle
Assange|Assange
Lang|Lang
FELLOWSHIP|FELLOWSHIP
"young"|young
'L'Arrivee|A
Lacks|Lacks
'secret|secret
Butler"|Butler
Bitten|Bitten
disjointedly|disjointedly
nymphs!|nymphs
himmelen|A
Deary|Deary
"Kralik"|Kralik
Innocent|Innocent
Cellist|Cellist
Dumroo|A
WEEKS|WEEKS
Bitter|Bitter
WEIRDER|weirder
flatbed|flatbed
"boys|boys
stymie|stymie
Hargh|Harg
hotwater|hotwater
surpassed|surpassed
Falk|Falk
dismembering|dismembering
individualistic|individualistic
heart's|hearts
Gold's|Golds
Fall|Fall
surpasses|surpasses
hirjee|Hirjee
Ixchel|Ixchel
>Second|Second
>Embarrassly|A
Sumac|Sumac
Loring's|lore
Brenner's|Brenners
>"Attack|Attack
Alawite|Alawite
Dear'|Dear
Ladyland|Ladyland
Propaganda's|propagandas
gendarme|gendarme
compulsory|compulsory
undergrads|undergrads
"unprofessionals"|A
sparklers"|sparklers
criticize|criticize
bastions|bastions
Rodriguez;|Rodriguez
freedom's|freedoms
bipolarity|bipolarity
Lasciviously|lasciviously
chopsticks|chopsticks
affirmations|affirmations
knots|knots
Fried's|fri
'Stand|Stand
"Destry|Destry
SEEMS|SEEMS
charities|charities
lovebirds|lovebirds
Tribulation|Tribulation
Atlas|Atlas
last!!!!!"|last
fair"|fair
fair!|fair
Bauer's|Bauers
Handsfree|Handsfree
Iwill|Iwill
Ophelia|Ophelia
Temptation|Temptation
>David|David
differed|differed
rabble|rabble
undestand|undestand
"gay"|gay
fair?|fair
dirges|dirges
haven't|haven't
>Laura|Laura
evening|evening
registrar's|registrars
musket|musket
petted|petted
cultists|cultists
partioned|A
Gouald|A
ninjo|A
ninja|ninja
slighted|slighted
bag's|bags
impressionists|impressionists
Quais|Quais
Leans|Leans
fairs|fairs
Quaid|Quaid
campers:|campers
apeman|A
ooops|ooops
protagoness|A
fairy|fairy
ENTERTAINMENT!|ENTERTAINMENT
adotped|A
heavy|heavy
>Tip|Tip
Gentleman|Gentleman
"actress"|actress
betty|betty
heavl|heav
heave|heave
Memento's|Mementos
l'homme"|A
malcontents|malcontents
"Conquest"|Conquest
fleck|fleck
Simon"|Simon
'must|must
Camarary|A
overturns|overturns
toiling|toiling
weanling|weanling
>>>>>>>>|>>>>>>>
hapless|hapless
WITCHES'|WITCHES
"Bird"|Bird
Ravensbruck|Ravensbruck
Pingeon|Pingeon
dishwasher|dishwasher
Brox|Brox
Broz|Broz
Marina|Marina
Knightley's|Knightley
>White|White
Bros|Bros
Simone|Simone
american|american
Bron|Bron
Simona|Simona
Brok|Brok
Holby|Holby
aking|aking
Abott|Abott
Sardonicus'|A
Ladies'|Ladies
henchmen!?|henchmen
obedience|obedience
suckle|suckle
Ladies:|Ladies
isnot|isnot
Cadillacs|Cadillacs
'Giants'|Giants
M!|M
Golberg|Golberg
visions|visions
Vadar's|Vadar
Code-that|